PULocationID,total_predicted_trips,total_actual_trips,total_absolute_error,Borough,Zone,service_zone,zone_wape
237,190415.0401758069,162336.0,32624.87672965269,Manhattan,Upper East Side South,Yellow Zone,0.20097129860075824
236,173635.5544132688,147654.0,30976.023187442097,Manhattan,Upper East Side North,Yellow Zone,0.20978790406925715
161,170212.401079548,143545.0,31191.202394805045,Manhattan,Midtown Center,Yellow Zone,0.21729215503713153
132,164385.88112245584,141476.0,31025.656557490303,Queens,JFK Airport,Airports,0.21929978623575944
162,141125.4714454043,118175.0,26049.259923604484,Manhattan,Midtown East,Yellow Zone,0.2204295318265664
142,136145.23013418258,117822.0,27494.566586266203,Manhattan,Lincoln Square East,Yellow Zone,0.23335681440024955
186,127636.79818720189,110183.0,25874.821167991857,Manhattan,Penn Station/Madison Sq West,Yellow Zone,0.23483496699120424
230,127162.38094878502,109480.0,23087.80402030218,Manhattan,Times Sq/Theatre District,Yellow Zone,0.21088604329833924
138,121024.59794140195,101634.0,27805.054253241567,Queens,LaGuardia Airport,Airports,0.2735802413881336
163,117567.33810459763,100308.0,20584.39556438534,Manhattan,Midtown North,Yellow Zone,0.20521190298266678
239,112196.9872360022,97634.0,19685.436875254996,Manhattan,Upper West Side South,Yellow Zone,0.2016248117997316
170,109901.45503221935,94457.0,19816.70391452216,Manhattan,Murray Hill,Yellow Zone,0.20979603326934118
234,103075.0169500048,89788.0,17906.535689793713,Manhattan,Union Sq,Yellow Zone,0.19943127912186165
68,101658.01485354044,89180.0,17298.963108191023,Manhattan,East Chelsea,Yellow Zone,0.1939780568310274
48,98876.55807286674,87960.0,15763.577646308817,Manhattan,Clinton East,Yellow Zone,0.17921302462834035
164,89416.54384555914,79637.0,14732.047550367115,Manhattan,Midtown South,Yellow Zone,0.18498998644307438
141,88538.1926491988,78886.0,14421.154330896017,Manhattan,Lenox Hill West,Yellow Zone,0.18281005921070934
79,84626.5871896546,80018.0,15560.23230650984,Manhattan,East Village,Yellow Zone,0.19445915052250545
249,82295.43688214746,75174.0,14316.554106085541,Manhattan,West Village,Yellow Zone,0.1904455543949443
107,81070.35007659072,72648.0,14150.745451758874,Manhattan,Gramercy,Yellow Zone,0.1947850656832793
238,74908.86197254596,66895.0,12414.73460556137,Manhattan,Upper West Side North,Yellow Zone,0.18558538912566516
140,70740.57939489493,62640.0,11908.64275426767,Manhattan,Lenox Hill East,Yellow Zone,0.19011243222010968
263,70213.42780653623,64307.0,11284.801332505927,Manhattan,Yorkville West,Yellow Zone,0.1754832496074444
229,69613.73486821333,62121.0,11362.768418539576,Manhattan,Sutton Place/Turtle Bay North,Yellow Zone,0.1829134820517953
43,67823.5968582209,60629.0,12502.330097046348,Manhattan,Central Park,Yellow Zone,0.20621039596639146
246,61960.38532045462,56636.0,10598.104208835124,Manhattan,West Chelsea/Hudson Yards,Yellow Zone,0.18712663692413173
100,59572.50072797915,53100.0,10213.377096421682,Manhattan,Garment District,Yellow Zone,0.19234231820003167
90,57331.01692019897,52504.0,9622.184603853224,Manhattan,Flatiron,Yellow Zone,0.1832657436357844
113,53510.26609449486,48996.0,8955.354126342203,Manhattan,Greenwich Village North,Yellow Zone,0.18277724970083686
262,49882.181691575846,45134.0,8310.881805740199,Manhattan,Yorkville East,Yellow Zone,0.18413794048256743
114,49618.00356409406,46697.0,9571.674171208273,Manhattan,Greenwich Village South,Yellow Zone,0.2049740705229088
231,46274.21395333167,42812.0,8637.24309847606,Manhattan,TriBeCa/Civic Center,Yellow Zone,0.20174818038110948
233,44545.85878730889,39959.0,8026.574986143926,Manhattan,UN/Turtle Bay South,Yellow Zone,0.20087026667694202
143,39705.608105076426,35923.0,7113.469266284038,Manhattan,Lincoln Square West,Yellow Zone,0.1980199110955109
137,37575.92155296912,34288.0,6979.7156392254765,Manhattan,Kips Bay,Yellow Zone,0.20356146871282887
148,35533.38272982732,35321.0,8078.541382699038,Manhattan,Lower East Side,Yellow Zone,0.22871779911947673
144,35144.72205573405,33753.0,7082.658052406783,Manhattan,Little Italy/NoLiTa,Yellow Zone,0.20983788262989314
158,30951.409063644267,29133.0,6173.040400187242,Manhattan,Meatpacking/West Village West,Yellow Zone,0.2118916829776282
151,29949.85493462241,27007.0,5679.561188996472,Manhattan,Manhattan Valley,Yellow Zone,0.21029959599350065
211,28543.1506565066,26900.0,5874.51789303793,Manhattan,SoHo,Yellow Zone,0.21838356479694906
50,21354.94978290354,19968.0,5613.964371732213,Manhattan,Clinton West,Yellow Zone,0.28114805547537125
75,21087.227195361065,19420.0,4752.140273031443,Manhattan,East Harlem South,Boro Zone,0.24470341261747905
13,20362.1570991137,18562.0,3972.179892843473,Manhattan,Battery Park City,Yellow Zone,0.21399525335866143
261,19824.578491159707,18689.0,4101.730783363943,Manhattan,World Trade Center,Yellow Zone,0.21947299391962885
87,18995.285361718757,17878.0,4369.772995798418,Manhattan,Financial District North,Yellow Zone,0.24442180309869216
125,16323.804036830614,15517.0,3818.514346283845,Manhattan,Hudson Sq,Yellow Zone,0.24608586365172683
166,15611.641049241896,14668.0,3775.316627028053,Manhattan,Morningside Heights,Boro Zone,0.25738455324707205
70,14403.361219816403,13869.0,4235.679902333144,Queens,East Elmhurst,Boro Zone,0.30540629478211434
88,10137.431150160786,9907.0,2770.1597695775376,Manhattan,Financial District South,Yellow Zone,0.2796164095667243
24,8376.69064909987,8300.0,2466.512812591991,Manhattan,Bloomingdale,Yellow Zone,0.29717021838457724
41,7781.140170683961,8206.0,2763.8092346568374,Manhattan,Central Harlem,Boro Zone,0.3368034651056346
74,6916.467059685662,7113.0,2463.838007853693,Manhattan,East Harlem North,Boro Zone,0.34638521128267863
209,6480.415163180477,6822.0,2141.534786861196,Manhattan,Seaport,Yellow Zone,0.3139159757931979
232,4458.666791254146,5107.0,2054.8723621686013,Manhattan,Two Bridges/Seward Park,Yellow Zone,0.4023638852885454
45,4424.423844847344,4885.0,1754.4331605968268,Manhattan,Chinatown,Yellow Zone,0.3591470134282143
224,4006.9501412546233,4393.0,1836.4584667366055,Manhattan,Stuy Town/Peter Cooper Village,Yellow Zone,0.4180419910622821
4,3777.0620793761523,4669.0,2039.8895379338192,Manhattan,Alphabet City,Yellow Zone,0.43690073633193816
42,2874.1753502583897,3313.0,1649.8943215816828,Manhattan,Central Harlem North,Boro Zone,0.49800613389124143
145,2470.117802991009,2848.0,1564.9811009622797,Queens,Long Island City/Hunters Point,Boro Zone,0.5495017910682162
116,2269.427533890434,2588.0,1438.0597578124573,Manhattan,Hamilton Heights,Boro Zone,0.5556645122922942
226,2065.0340427661677,2372.0,1249.4192265662464,Queens,Sunnyside,Boro Zone,0.5267366047918408
244,1868.7743996128545,2202.0,1247.8469614138157,Manhattan,Washington Heights South,Boro Zone,0.5666879933759381
65,1827.983149238348,2156.0,1139.33809109511,Brooklyn,Downtown Brooklyn/MetroTech,Boro Zone,0.5284499494875279
152,1710.7589581927427,1934.0,1073.4777569163916,Manhattan,Manhattanville,Boro Zone,0.5550557171232635
7,1558.5234654434753,1847.0,1056.5870980155044,Queens,Astoria,Boro Zone,0.5720558191746098
33,1421.466015298243,1685.0,1043.294831654669,Brooklyn,Brooklyn Heights,Boro Zone,0.6191660721986166
193,1410.5658269746878,1580.0,911.8174933036021,Queens,Queensbridge/Ravenswood,Boro Zone,0.5770996793060773
146,1226.9350348053338,1359.0,856.4237329695798,Queens,Long Island City/Queens Plaza,Boro Zone,0.6301867056435465
97,1220.9896341255362,1512.0,961.6776634513674,Brooklyn,Fort Greene,Boro Zone,0.6360302006953488
12,1181.0725501474262,1396.0,783.3248921752105,Manhattan,Battery Park,Yellow Zone,0.5611209829335319
25,1164.066657698439,1398.0,937.1000746759871,Brooklyn,Boerum Hill,Boro Zone,0.6703147887524944
181,1073.7987844073814,1362.0,962.5166698302742,Brooklyn,Park Slope,Boro Zone,0.7066935901837549
66,1027.3677675050506,1306.0,851.0624986592551,Brooklyn,DUMBO/Vinegar Hill,Boro Zone,0.6516558182689549
255,998.6083326771136,1306.0,901.408058036591,Brooklyn,Williamsburg (North Side),Boro Zone,0.6902052511765628
256,866.239660272084,1091.0,814.1711062386427,Brooklyn,Williamsburg (South Side),Boro Zone,0.7462613256082884
61,844.8732701124768,1059.0,766.0984345481799,Brooklyn,Crown Heights North,Boro Zone,0.7234168409331254
10,841.2865457036598,967.0,651.5887947674539,Queens,Baisley Park,Boro Zone,0.6738250204420413
129,733.3080114380687,901.0,728.0325989070344,Queens,Jackson Heights,Boro Zone,0.808027301783612
216,655.0950083483928,845.0,638.9995556179339,Queens,South Ozone Park,Boro Zone,0.7562124918555431
112,621.1603075456511,812.0,705.3242379066197,Brooklyn,Greenpoint,Boro Zone,0.8686259087519947
260,616.8974637350151,782.0,627.360906830059,Queens,Woodside,Boro Zone,0.8022517990154207
223,558.1412478339918,700.0,580.2272164161159,Queens,Steinway,Boro Zone,0.8288960234515941
76,549.8346115084895,710.0,567.3176524679728,Brooklyn,East New York,Boro Zone,0.79903894713799
80,537.4747865513606,737.0,640.6196670453895,Brooklyn,East Williamsburg,Boro Zone,0.8692261425310577
130,527.6092020051959,656.0,587.5734468549759,Queens,Jamaica,Boro Zone,0.8956912299618536
49,506.9857429989916,639.0,568.308575129896,Brooklyn,Clinton Hill,Boro Zone,0.8893717920655649
188,504.59173279282624,656.0,559.5964349995186,Brooklyn,Prospect-Lefferts Gardens,Boro Zone,0.8530433460358515
52,479.29214784523225,561.0,495.4910472306281,Brooklyn,Cobble Hill,Boro Zone,0.8832282481829378
215,461.20733035792927,574.0,516.2329487959474,Queens,South Jamaica,Boro Zone,0.8993605379720339
95,458.7108757838282,586.0,548.4717894562102,Queens,Forest Hills,Boro Zone,0.935958685078857
179,456.29627624749014,570.0,518.8104714815153,Queens,Old Astoria,Boro Zone,0.9101938096166935
243,455.9214339716157,607.0,572.5322764523521,Manhattan,Washington Heights North,Boro Zone,0.943216270926445
89,444.27634569175325,568.0,533.0373619954037,Brooklyn,Flatbush/Ditmas Park,Boro Zone,0.9384460598510628
168,426.8851275511273,569.0,562.4466668021628,Bronx,Mott Haven/Port Morris,Boro Zone,0.9884827184572281
17,422.46723756533135,546.0,528.1109727942251,Brooklyn,Bedford,Boro Zone,0.9672362139088371
39,414.402181541938,521.0,472.16837208070234,Brooklyn,Canarsie,Boro Zone,0.9062732669495246
225,408.1797282449754,533.0,513.3889670433738,Brooklyn,Stuyvesant Heights,Boro Zone,0.9632063171545474
82,405.93265382303383,525.0,544.1399103116568,Queens,Elmhurst,Boro Zone,1.0364569720222034
37,384.2601084880883,513.0,501.4602702373819,Brooklyn,Bushwick South,Boro Zone,0.9775054000728692
195,380.10669118208006,491.0,473.19564378865357,Brooklyn,Red Hook,Boro Zone,0.9637385820542843
40,375.4554311386022,436.0,434.5434884568818,Brooklyn,Carroll Gardens,Boro Zone,0.996659377194683
197,373.56521244680437,497.0,470.1639339683567,Queens,Richmond Hill,Boro Zone,0.9460038912844199
1,342.9722134744333,449.0,447.16074045907783,EWR,Newark Airport,EWR,0.9959036535836923
189,339.8201986510985,448.0,460.7153088924818,Brooklyn,Prospect Heights,Boro Zone,1.0283823859207184
35,337.01525923625746,460.0,425.13641463306413,Brooklyn,Brownsville,Boro Zone,0.9242095970284003
219,332.53801382655485,411.0,455.05272933622183,Queens,Springfield Gardens South,Boro Zone,1.1071842562925105
51,318.0158213199946,382.0,394.8992114860777,Bronx,Co-Op City,Boro Zone,1.033767569335282
72,302.8762542035948,384.0,382.73818140472645,Brooklyn,East Flatbush/Remsen Village,Boro Zone,0.9967140140748084
62,288.10666102006826,354.0,386.6797058322077,Brooklyn,Crown Heights South,Boro Zone,1.0923155531983268
93,288.02812444072475,372.0,421.01596831036755,Queens,Flushing Meadows-Corona Park,Boro Zone,1.131763355673031
134,284.9504765795659,362.0,397.65844670036347,Queens,Kew Gardens,Boro Zone,1.0985039964098438
91,284.8730067823085,359.0,375.0082844653224,Brooklyn,Flatlands,Boro Zone,1.0445913216304246
69,276.7547737819606,365.0,378.815154379718,Bronx,East Concourse/Concourse Village,Boro Zone,1.0378497380266247
14,270.6046829146482,345.0,408.38310119015836,Brooklyn,Bay Ridge,Boro Zone,1.183719133884517
177,250.67631453763644,326.0,357.5550760112579,Brooklyn,Ocean Hill,Boro Zone,1.096794711690975
213,250.58032348427093,312.0,350.3326929472168,Bronx,Soundview/Castle Hill,Boro Zone,1.1228611953436436
218,247.15094242559323,305.0,337.2380398952314,Queens,Springfield Gardens North,Boro Zone,1.1056984914597752
157,241.75711911944202,294.0,365.4860112053232,Queens,Maspeth,Boro Zone,1.2431496979772898
247,241.36141788999126,314.0,361.9483802813051,Bronx,West Concourse,Boro Zone,1.152701848029634
28,237.15223378622235,322.0,368.2531311547528,Queens,Briarwood/Jamaica Hills,Boro Zone,1.143643264455754
36,227.52444016841235,315.0,366.89869579046893,Brooklyn,Bushwick North,Boro Zone,1.164757764414187
205,226.88317629360418,259.0,303.5240901570464,Queens,Saint Albans,Boro Zone,1.17190768400404
191,225.7461336236434,293.0,335.8074173840574,Queens,Queens Village,Boro Zone,1.146100400628182
56,215.7970862942627,284.0,346.14188163937865,Queens,Corona,Boro Zone,1.2188094423921783
71,215.33935541165792,274.0,314.3650149999814,Brooklyn,East Flatbush/Farragut,Boro Zone,1.1473175729926328
235,213.790309529172,267.0,310.5311082063955,Bronx,University Heights/Morris Heights,Boro Zone,1.1630378584509196
207,208.86809591676626,234.0,241.59344748792938,Queens,Saint Michaels Cemetery/Woodside,Boro Zone,1.0324506302902965
159,206.5961308048643,284.0,346.16644606169075,Bronx,Melrose South,Boro Zone,1.2188959368369392
127,199.1664926125824,275.0,334.7935591116428,Manhattan,Inwood,Boro Zone,1.2174311240423374
254,184.52165185967843,229.0,299.7333746638934,Bronx,Williamsbridge/Olinville,Boro Zone,1.3088793653445128
86,178.1527218741522,226.0,283.27135909662667,Queens,Far Rockaway,Boro Zone,1.2534130933479055
222,175.08991114999077,221.0,274.4751102025365,Brooklyn,Starrett City,Boro Zone,1.2419688244458664
182,174.53058531052716,211.0,262.8566708624338,Bronx,Parkchester,Boro Zone,1.2457662126181697
196,168.0227319696248,229.0,296.7030611377774,Queens,Rego Park,Boro Zone,1.2956465551868008
55,163.9678676846724,213.0,265.40919193471086,Brooklyn,Coney Island,Boro Zone,1.2460525442944173
169,160.19258359997278,211.0,273.2166735477668,Bronx,Mount Hope,Boro Zone,1.294865751411217
77,158.03670055166995,205.0,265.7635516968925,Brooklyn,East New York/Pennsylvania Avenue,Boro Zone,1.296407569253134
92,157.8507137712769,207.0,278.24527969159664,Queens,Flushing,Boro Zone,1.3441800951284861
106,157.1004620170921,207.0,276.86633305397555,Brooklyn,Gowanus,Boro Zone,1.337518517168964
228,157.02786766945292,199.0,272.75022646146346,Brooklyn,Sunset Park West,Boro Zone,1.3706041530726807
242,156.88915709021887,191.0,244.963047193539,Bronx,Van Nest/Morris Park,Boro Zone,1.28252904289811
167,153.52993976619047,211.0,265.2792371453615,Bronx,Morrisania/Melrose,Boro Zone,1.2572475694092962
117,150.62125981803135,195.0,245.9613321973275,Queens,Hammels/Arverne,Boro Zone,1.2613401651145
85,149.75489683689182,204.0,266.8408902461638,Brooklyn,Erasmus,Boro Zone,1.3080435796380578
165,148.4382046615795,207.0,257.7442853009289,Brooklyn,Midwood,Boro Zone,1.2451414748837144
202,147.3824300206195,208.0,278.76072538013926,Manhattan,Roosevelt Island,Boro Zone,1.3401957950968233
131,147.0383635467032,185.0,242.87109691593486,Queens,Jamaica Estates,Boro Zone,1.3128167400861344
155,140.16550572531972,190.0,245.95620152999777,Brooklyn,Marine Park/Mill Basin,Boro Zone,1.2945063238420935
119,134.69231467451337,178.0,239.33894836534228,Bronx,Highbridge,Boro Zone,1.344600833513159
241,132.99255994222034,176.0,238.3579241317244,Bronx,Van Cortlandt Village,Boro Zone,1.3543063871120704
47,128.56192479714724,170.0,231.99213853332745,Bronx,Claremont/Bathgate,Boro Zone,1.3646596384313379
198,127.65645378328895,178.0,251.50421440243423,Queens,Ridgewood,Boro Zone,1.4129450247327766
18,127.36351843337368,168.0,227.01556189160647,Bronx,Bedford Park,Boro Zone,1.3512831064976576
22,127.03895011976151,170.0,219.46004959460214,Brooklyn,Bensonhurst West,Boro Zone,1.290941468203542
203,126.54819352245052,150.0,198.77347606222818,Queens,Rosedale,Boro Zone,1.3251565070815212
121,126.19625719926623,168.0,218.30780964351348,Queens,Hillcrest/Pomonok,Boro Zone,1.2994512478780564
78,125.71556558330566,169.0,220.94841247986898,Bronx,East Tremont,Boro Zone,1.3073870560938994
26,123.41738034100045,176.0,230.74579298553107,Brooklyn,Borough Park,Boro Zone,1.3110556419632446
258,117.79610557551497,153.0,210.50775761515277,Queens,Woodhaven,Boro Zone,1.375867696831064
210,116.37277594125531,153.0,202.5885778874543,Brooklyn,Sheepshead Bay,Boro Zone,1.3241083522055836
220,113.04006359121533,149.0,204.12152904814835,Bronx,Spuyten Duyvil/Kingsbridge,Boro Zone,1.36994314797415
83,112.95084241249585,166.0,229.5584621655642,Queens,Elmhurst/Maspeth,Boro Zone,1.382882302202194
124,112.542521442762,152.0,211.28390281726996,Queens,Howard Beach,Boro Zone,1.3900256764294077
136,111.93774557133732,151.0,205.38004614320323,Bronx,Kingsbridge Heights,Boro Zone,1.3601327559152532
139,107.37730767804236,140.0,196.0288365382373,Queens,Laurelton,Boro Zone,1.4002059752731235
174,107.27594845994898,145.0,204.80440239110652,Bronx,Norwood,Boro Zone,1.4124441544214243
217,107.18143904134,150.0,217.84630123144052,Brooklyn,South Williamsburg,Boro Zone,1.4523086748762701
248,105.46314186896834,141.0,196.89832440097157,Bronx,West Farms/Bronx River,Boro Zone,1.3964420170281673
32,104.42620192396302,140.0,193.2677179542972,Bronx,Bronxdale,Boro Zone,1.3804836996735514
29,104.01823104985061,135.0,182.8460410103705,Brooklyn,Brighton Beach,Boro Zone,1.354415118595337
123,103.54778891347087,137.0,194.5611621271478,Brooklyn,Homecrest,Boro Zone,1.420154468081371
63,99.41062678873668,135.0,189.2653957303651,Brooklyn,Cypress Hills,Boro Zone,1.4019658942990008
38,98.39941397997774,126.0,177.90549537054213,Queens,Cambria Heights,Boro Zone,1.4119483759566835
133,97.72252981433327,124.0,183.27197027659585,Brooklyn,Kensington,Boro Zone,1.4779997602951278
259,97.44049712978487,128.0,179.70047293825425,Bronx,Woodlawn/Wakefield,Boro Zone,1.4039099448301113
212,95.45476177536115,114.0,168.9828929723109,Bronx,Soundview/Bruckner,Boro Zone,1.4823060787044817
135,94.39309621600164,116.0,170.4720485032302,Queens,Kew Gardens Hills,Boro Zone,1.4695866250278466
126,92.8522924764959,129.0,186.5403953369274,Bronx,Hunts Point,Boro Zone,1.446049576255251
67,92.85179672741626,128.0,188.5972686391566,Brooklyn,Dyker Heights,Boro Zone,1.473416161243411
20,92.70818173339534,125.0,177.3671602717239,Bronx,Belmont,Boro Zone,1.4189372821737911
250,92.03524930107294,123.0,176.0574570684906,Bronx,Westchester Village/Unionport,Boro Zone,1.4313614395812244
208,91.8697567359717,118.0,173.42695292898452,Bronx,Schuylerville/Edgewater Park,Boro Zone,1.46971994007614
160,91.04892464784561,126.0,182.3707791202254,Queens,Middle Village,Boro Zone,1.4473871358748047
185,87.1101041283672,106.0,157.8413002255011,Bronx,Pelham Parkway,Boro Zone,1.4890688700518973
81,86.78650570242824,121.0,173.8950741016642,Bronx,Eastchester,Boro Zone,1.4371493727410263
21,80.64871788004329,101.0,155.5674286277559,Brooklyn,Bensonhurst East,Boro Zone,1.5402715705718406
227,79.7148272538873,109.0,161.03603589704176,Brooklyn,Sunset Park East,Boro Zone,1.4773948247435023
180,78.46746265357957,102.0,152.33075156754117,Queens,Ozone Park,Boro Zone,1.4934387408582468
200,77.83002230852124,106.0,156.2139935708643,Bronx,Riverdale/North Riverdale/Fieldston,Boro Zone,1.4737169204798517
108,77.72628350645226,95.0,146.96489693984583,Brooklyn,Gravesend,Boro Zone,1.546998915156272
60,77.41177790496839,104.0,155.1961154617276,Bronx,Crotona Park East,Boro Zone,1.49227034097815
147,77.39121219918044,106.0,154.98060862749313,Bronx,Longwood,Boro Zone,1.4620812134669163
122,74.41035492113767,92.0,143.5086206195066,Queens,Hollis,Boro Zone,1.5598763110815934
194,73.91472471497804,92.0,145.47895479186548,Manhattan,Randalls Island,Yellow Zone,1.581292986868103
94,73.09300703129388,98.0,149.00028656890865,Bronx,Fordham South,Boro Zone,1.5204110874378434
34,72.46504341932142,92.0,147.33527665451047,Brooklyn,Brooklyn Navy Yard,Boro Zone,1.601470398418592
173,70.51518881042507,93.0,145.87885815207125,Queens,North Corona,Boro Zone,1.5685898726029166
149,69.66604904824388,80.0,125.7172381684956,Brooklyn,Madison,Boro Zone,1.5714654771061949
3,67.7176149508401,86.0,132.78691394740503,Bronx,Allerton/Pelham Gardens,Boro Zone,1.5440338831093607
19,64.28742822411951,84.0,129.41529343120425,Queens,Bellerose,Boro Zone,1.5406582551333838
190,63.30473035653851,83.0,131.49327857561153,Brooklyn,Prospect Park,Boro Zone,1.5842563683808617
257,60.18541231290471,82.0,129.60786681146197,Brooklyn,Windsor Terrace,Boro Zone,1.5805837416031947
54,59.036449426248346,71.0,117.76286804412179,Brooklyn,Columbia Street,Boro Zone,1.6586319442834054
102,58.590783232861725,67.0,113.97949493552589,Queens,Glendale,Boro Zone,1.7011864915750132
192,54.25516707620927,65.0,107.31319057566695,Queens,Queensboro Hill,Boro Zone,1.6509721627025684
171,50.4135821734991,60.0,99.16534707245361,Queens,Murray Hill-Queens,Boro Zone,1.6527557845408936
11,50.096911347957864,54.0,93.40743658600232,Brooklyn,Bath Beach,Boro Zone,1.7297673441852282
9,48.89585255858571,57.0,96.15845950025286,Queens,Auburndale,Boro Zone,1.6869905175482958
175,48.419214391357585,57.0,97.39664114807562,Queens,Oakland Gardens,Boro Zone,1.7087130025978179
16,48.102866972253075,61.0,99.17022713262152,Queens,Bayside,Boro Zone,1.6257414284036316
201,47.90243934829423,60.0,99.88953267599956,Queens,Rockaway Park,Boro Zone,1.6648255445999927
98,46.80251442725823,55.0,93.46439403602618,Queens,Fresh Meadows,Boro Zone,1.6993526188368395
178,46.344324940543444,49.0,86.76826423058469,Brooklyn,Ocean Parkway South,Boro Zone,1.7707809026649937
183,46.19671153733432,49.0,87.38225034543603,Bronx,Pelham Bay,Boro Zone,1.783311231539511
53,45.672718138254304,52.0,90.06707036412425,Queens,College Point,Boro Zone,1.7320590454639277
150,45.616080835599924,49.0,87.5225902413275,Brooklyn,Manhattan Beach,Boro Zone,1.7861753110475
252,44.30710135261655,55.0,90.0086505676788,Queens,Whitestone,Boro Zone,1.6365209194123418
154,36.06291246948502,40.0,71.8901707828972,Brooklyn,Marine Park/Floyd Bennett Field,Boro Zone,1.79725426957243
153,35.01850226056105,37.0,67.93262951618398,Manhattan,Marble Hill,Boro Zone,1.8360170139509184
64,33.65382147552353,37.0,67.13935442559391,Queens,Douglaston,Boro Zone,1.8145771466376732
101,29.719931739390585,35.0,61.249099603718726,Queens,Glen Oaks,Boro Zone,1.7499742743919635
128,27.25343147094039,26.0,50.842865485720665,Manhattan,Inwood Hill Park,Boro Zone,1.9554948263738718
73,25.35763161997977,30.0,52.59173488050003,Queens,East Flushing,Boro Zone,1.753057829350001
15,23.545236888116108,26.0,47.743174507211165,Queens,Bay Terrace/Fort Totten,Boro Zone,1.8362759425850448
8,19.044175353310475,20.0,38.07564230686407,Queens,Astoria Park,Boro Zone,1.9037821153432035
240,17.689494490571995,17.0,33.76404959498148,Bronx,Van Cortlandt Park,Boro Zone,1.9861205644106752
31,17.54179141194995,18.0,34.7069421807623,Bronx,Bronx Park,Boro Zone,1.9281634544867943
120,14.864863713388376,12.0,26.403099853426973,Manhattan,Highbridge Park,Boro Zone,2.2002583211189144
57,13.275957038544593,11.0,23.930583347741525,Queens,Corona,Boro Zone,2.1755075770674113
6,13.087912210259448,15.0,27.65194855583471,Staten Island,Arrochar/Fort Wadsworth,Boro Zone,1.8434632370556474
253,10.659894076527165,4.0,14.473462203726022,Queens,Willets Point,Boro Zone,3.6183655509315056
184,9.994110499555129,4.0,13.875613082793281,Bronx,Pelham Bay Park,Boro Zone,3.4689032706983203
111,9.70103892022202,2.0,11.674358953497633,Brooklyn,Green-Wood Cemetery,Boro Zone,5.837179476748816
96,9.417219025897156,5.0,14.316315951217138,Queens,Forest Park/Highland Park,Boro Zone,2.8632631902434276
58,9.197869245986075,6.0,15.082393147920543,Bronx,Country Club,Boro Zone,2.5137321913200905
30,8.958362845733655,6.0,14.786381991837784,Queens,Broad Channel,Boro Zone,2.464396998639631
46,8.467784215823979,4.0,12.399048181775449,Bronx,City Island,Boro Zone,3.099762045443862
59,8.397108952972188,4.0,12.281641756677017,Bronx,Crotona Park,Boro Zone,3.070410439169254
2,8.389165095862074,3.0,11.332483032916267,Queens,Jamaica Bay,Boro Zone,3.7774943443054223
245,8.204552710332406,4.0,12.165658302324603,Staten Island,West Brighton,Boro Zone,3.041414575581151
221,8.045606083026131,4.0,11.988153342012254,Staten Island,Stapleton,Boro Zone,2.9970383355030634
27,7.912936126250446,1.0,8.892691600884017,Queens,Breezy Point/Fort Tilden/Riis Beach,Boro Zone,8.892691600884017
23,7.878383158275101,6.0,13.7353024632516,Staten Island,Bloomfield/Emerson Hill,Boro Zone,2.2892170772086
118,7.808220879676671,6.0,13.743487383357625,Staten Island,Heartland Village/Todt Hill,Boro Zone,2.2905812305596043
172,7.713536484750616,5.0,12.652470970739708,Staten Island,New Dorp/Midland Beach,Boro Zone,2.5304941941479417
199,7.468096617796934,0.0,7.468096617796934,Bronx,Rikers Island,Boro Zone,
105,7.372331747516536,1.0,8.350659062606207,Manhattan,Governor's Island/Ellis Island/Liberty Island,Yellow Zone,8.350659062606207
251,7.226127697132082,0.0,7.226127697132082,Staten Island,Westerleigh,Boro Zone,
104,7.1222066133583,0.0,7.1222066133583,Manhattan,Governor's Island/Ellis Island/Liberty Island,Yellow Zone,
103,7.1222066133583,0.0,7.1222066133583,Manhattan,Governor's Island/Ellis Island/Liberty Island,Yellow Zone,
176,6.916656328548373,3.0,9.860147150186169,Staten Island,Oakwood,Boro Zone,3.286715716728723
156,6.7707997422420005,3.0,9.739194999405857,Staten Island,Mariners Harbor,Boro Zone,3.2463983331352857
214,6.6941216379266955,2.0,8.648180095923392,Staten Island,South Beach/Dongan Hills,Boro Zone,4.324090047961696
109,6.632403148246869,2.0,8.605844863969034,Staten Island,Great Kills,Boro Zone,4.302922431984517
206,6.621240711221097,2.0,8.602817170752266,Staten Island,Saint George/New Brighton,Boro Zone,4.301408585376133
204,6.217204266125736,1.0,7.202910738939602,Staten Island,Rossville/Woodrow,Boro Zone,7.202910738939602
110,6.210427852258005,1.0,7.193547968686879,Staten Island,Great Kills Park,Boro Zone,7.193547968686879
187,6.084368871490255,0.0,6.084368871490255,Staten Island,Port Richmond,Boro Zone,
115,6.0558134688065115,0.0,6.0558134688065115,Staten Island,Grymes Hill/Clifton,Boro Zone,
84,6.054252837272532,1.0,7.054252837272532,Staten Island,Eltingville/Annadale/Prince's Bay,Boro Zone,7.054252837272532
99,5.93353807841458,0.0,5.93353807841458,Staten Island,Freshkills Park,Boro Zone,
44,5.82264330004957,1.0,6.817467938550687,Staten Island,Charleston/Tottenville,Boro Zone,6.817467938550687
5,5.507826729990638,1.0,6.500628798206299,Staten Island,Arden Heights,Boro Zone,6.500628798206299
