Title,Occurence,Date,"Pay and Leave Holiday Date (if SAT, then FRI if SUN  then MON)",Month,Day,Year,WeekDay
New Year's Day,Year Start,1/1/2004,1/1/2004,1,1,2004,5
"Birthday of Martin Luther King, Jr",Third Monday of Jan,1/19/2004,1/19/2004,1,19,2004,2
Washington's Birthday,Third Monday in Feb,2/16/2004,2/16/2004,2,16,2004,2
Memorial Day,Last Monday in May,5/31/2004,5/31/2004,5,31,2004,2
Independence Day,Annual,7/4/2004,7/5/2004,7,4,2004,1
Labor Day,First Monday in Sept,9/6/2004,9/6/2004,9,6,2004,2
Columbus Day,Second Monday in Oct,10/11/2004,10/11/2004,10,11,2004,2
Veterans Day,Annual,11/11/2004,11/11/2004,11,11,2004,5
Thanksgiving Day,Fourth Thursday in Nov,11/25/2004,11/25/2004,11,25,2004,5
Christmas Day,Annual,12/25/2004,12/24/2004,12,25,2004,7
New Year's Day,Year Start,1/1/2005,12/31/2004,1,1,2005,7
"Birthday of Martin Luther King, Jr",Third Monday of Jan,1/17/2005,1/17/2005,1,17,2005,2
Washington's Birthday,Third Monday in Feb,2/21/2005,2/21/2005,2,21,2005,2
Memorial Day,Last Monday in May,5/30/2005,5/30/2005,5,30,2005,2
Independence Day,Annual,7/4/2005,7/4/2005,7,4,2005,2
Labor Day,First Monday in Sept,9/5/2005,9/5/2005,9,5,2005,2
Columbus Day,Second Monday in Oct,10/10/2005,10/10/2005,10,10,2005,2
Veterans Day,Annual,11/11/2005,11/11/2005,11,11,2005,6
Thanksgiving Day,Fourth Thursday in Nov,11/24/2005,11/24/2005,11,24,2005,5
Christmas Day,Annual,12/25/2005,12/26/2005,12,25,2005,1
New Year's Day,Year Start,1/1/2006,1/2/2006,1,1,2006,1
"Birthday of Martin Luther King, Jr",Third Monday of Jan,1/16/2006,1/16/2006,1,16,2006,2
Washington's Birthday,Third Monday in Feb,2/20/2006,2/20/2006,2,20,2006,2
Memorial Day,Last Monday in May,5/29/2006,5/29/2006,5,29,2006,2
Independence Day,Annual,7/4/2006,7/4/2006,7,4,2006,3
Labor Day,First Monday in Sept,9/4/2006,9/4/2006,9,4,2006,2
Columbus Day,Second Monday in Oct,10/9/2006,10/9/2006,10,9,2006,2
Veterans Day,Annual,11/11/2006,11/10/2006,11,11,2006,7
Thanksgiving Day,Fourth Thursday in Nov,11/23/2006,11/23/2006,11,23,2006,5
Christmas Day,Annual,12/25/2006,12/25/2006,12,25,2006,2
New Year's Day,Year Start,1/1/2007,1/1/2007,1,1,2007,2
"Birthday of Martin Luther King, Jr",Third Monday of Jan,1/15/2007,1/15/2007,1,15,2007,2
Washington's Birthday,Third Monday in Feb,2/19/2007,2/19/2007,2,19,2007,2
Memorial Day,Last Monday in May,5/28/2007,5/28/2007,5,28,2007,2
Independence Day,Annual,7/4/2007,7/4/2007,7,4,2007,4
Labor Day,First Monday in Sept,9/3/2007,9/3/2007,9,3,2007,2
Columbus Day,Second Monday in Oct,10/8/2007,10/8/2007,10,8,2007,2
Veterans Day,Annual,11/11/2007,11/12/2007,11,11,2007,1
Thanksgiving Day,Fourth Thursday in Nov,11/22/2007,11/22/2007,11,22,2007,5
Christmas Day,Annual,12/25/2007,12/25/2007,12,25,2007,3
New Year's Day,Year Start,1/1/2008,1/1/2008,1,1,2008,3
"Birthday of Martin Luther King, Jr",Third Monday of Jan,1/21/2008,1/21/2008,1,21,2008,2
Washington's Birthday,Third Monday in Feb,2/18/2008,2/18/2008,2,18,2008,2
Memorial Day,Last Monday in May,5/26/2008,5/26/2008,5,26,2008,2
Independence Day,Annual,7/4/2008,7/4/2008,7,4,2008,6
Labor Day,First Monday in Sept,9/1/2008,9/1/2008,9,1,2008,2
Columbus Day,Second Monday in Oct,10/13/2008,10/13/2008,10,13,2008,2
Veterans Day,Annual,11/11/2008,11/11/2008,11,11,2008,3
Thanksgiving Day,Fourth Thursday in Nov,11/27/2008,11/27/2008,11,27,2008,5
Christmas Day,Annual,12/25/2008,12/25/2008,12,25,2008,5
New Year's Day,Year Start,1/1/2009,1/1/2009,1,1,2009,5
"Birthday of Martin Luther King, Jr",Third Monday of Jan,1/19/2009,1/19/2009,1,19,2009,2
Washington's Birthday,Third Monday in Feb,2/16/2009,2/16/2009,2,16,2009,2
Memorial Day,Last Monday in May,5/25/2009,5/25/2009,5,25,2009,2
Independence Day,Annual,7/4/2009,7/3/2009,7,4,2009,7
Labor Day,First Monday in Sept,9/7/2009,9/7/2009,9,7,2009,2
Columbus Day,Second Monday in Oct,10/12/2009,10/12/2009,10,12,2009,2
Veterans Day,Annual,11/11/2009,11/11/2009,11,11,2009,4
Thanksgiving Day,Fourth Thursday in Nov,11/26/2009,11/26/2009,11,26,2009,5
Christmas Day,Annual,12/25/2009,12/25/2009,12,25,2009,6
New Year's Day,Year Start,1/1/2010,1/1/2010,1,1,2010,6
"Birthday of Martin Luther King, Jr",Third Monday of Jan,1/18/2010,1/18/2010,1,18,2010,2
Washington's Birthday,Third Monday in Feb,2/15/2010,2/15/2010,2,15,2010,2
Memorial Day,Last Monday in May,5/31/2010,5/31/2010,5,31,2010,2
Independence Day,Annual,7/4/2010,7/5/2010,7,4,2010,1
Labor Day,First Monday in Sept,9/6/2010,9/6/2010,9,6,2010,2
Columbus Day,Second Monday in Oct,10/11/2010,10/11/2010,10,11,2010,2
Veterans Day,Annual,11/11/2010,11/11/2010,11,11,2010,5
Thanksgiving Day,Fourth Thursday in Nov,11/25/2010,11/25/2010,11,25,2010,5
Christmas Day,Annual,12/25/2010,12/24/2010,12,25,2010,7
New Year's Day,Year Start,1/1/2011,12/31/2010,1,1,2011,7
"Birthday of Martin Luther King, Jr",Third Monday of Jan,1/17/2011,1/17/2011,1,17,2011,2
Washington's Birthday,Third Monday in Feb,2/21/2011,2/21/2011,2,21,2011,2
Memorial Day,Last Monday in May,5/30/2011,5/30/2011,5,30,2011,2
Independence Day,Annual,7/4/2011,7/4/2011,7,4,2011,2
Labor Day,First Monday in Sept,9/5/2011,9/5/2011,9,5,2011,2
Columbus Day,Second Monday in Oct,10/10/2011,10/10/2011,10,10,2011,2
Veterans Day,Annual,11/11/2011,11/11/2011,11,11,2011,6
Thanksgiving Day,Fourth Thursday in Nov,11/24/2011,11/24/2011,11,24,2011,5
Christmas Day,Annual,12/25/2011,12/26/2011,12,25,2011,1
New Year's Day,Year Start,1/1/2012,1/2/2012,1,1,2012,1
"Birthday of Martin Luther King, Jr",Third Monday of Jan,1/16/2012,1/16/2012,1,16,2012,2
Washington's Birthday,Third Monday in Feb,2/20/2012,2/20/2012,2,20,2012,2
Memorial Day,Last Monday in May,5/28/2012,5/28/2012,5,28,2012,2
Independence Day,Annual,7/4/2012,7/4/2012,7,4,2012,4
Labor Day,First Monday in Sept,9/3/2012,9/3/2012,9,3,2012,2
Columbus Day,Second Monday in Oct,10/8/2012,10/8/2012,10,8,2012,2
Veterans Day,Annual,11/11/2012,11/12/2012,11,12,2012,2
Thanksgiving Day,Fourth Thursday in Nov,11/22/2012,11/22/2012,11,22,2012,5
Christmas Day,Annual,12/25/2012,12/25/2012,12,25,2012,3
New Year's Day,Year Start,1/1/2013,1/1/2013,1,1,2013,3
"Birthday of Martin Luther King, Jr",Third Monday of Jan,1/21/2013,1/21/2013,1,21,2013,2
Washington's Birthday,Third Monday in Feb,2/18/2013,2/18/2013,2,18,2013,2
Memorial Day,Last Monday in May,5/27/2013,5/27/2013,5,27,2013,2
Independence Day,Annual,7/4/2013,7/4/2013,7,4,2013,5
Labor Day,First Monday in Sept,9/2/2013,9/2/2013,9,2,2013,2
Columbus Day,Second Monday in Oct,10/14/2013,10/14/2013,10,14,2013,2
Veterans Day,Annual,11/11/2013,11/11/2013,11,11,2013,2
Thanksgiving Day,Fourth Thursday in Nov,11/28/2013,11/28/2013,11,28,2013,5
Christmas Day,Annual,12/25/2013,12/25/2013,12,25,2013,4
New Year's Day,Year Start,1/1/2014,1/1/2014,1,1,2014,4
"Birthday of Martin Luther King, Jr",Third Monday of Jan,1/20/2014,1/20/2014,1,20,2014,2
Washington's Birthday,Third Monday in Feb,2/17/2014,2/17/2014,2,17,2014,2
Memorial Day,Last Monday in May,5/26/2014,5/26/2014,5,26,2014,2
Independence Day,Annual,7/4/2014,7/4/2014,7,4,2014,6
Labor Day,First Monday in Sept,9/1/2014,9/1/2014,9,1,2014,2
Columbus Day,Second Monday in Oct,10/13/2014,10/13/2014,10,13,2014,2
Veterans Day,Annual,11/11/2014,11/11/2014,11,11,2014,3
Thanksgiving Day,Fourth Thursday in Nov,11/27/2014,11/27/2014,11,27,2014,5
Christmas Day,Annual,12/25/2014,12/25/2014,12,25,2014,5
New Year's Day,Year Start,1/1/2015,1/1/2015,1,1,2015,5
"Birthday of Martin Luther King, Jr",Third Monday of Jan,1/19/2015,1/19/2015,1,19,2015,2
Washington's Birthday,Third Monday in Feb,2/16/2015,2/16/2015,2,16,2015,2
Memorial Day,Last Monday in May,5/25/2015,5/25/2015,5,25,2015,2
Independence Day,Annual,7/4/2015,7/3/2015,7,4,2015,7
Labor Day,First Monday in Sept,9/7/2015,9/7/2015,9,7,2015,2
Columbus Day,Second Monday in Oct,10/12/2015,10/12/2015,10,12,2015,2
Veterans Day,Annual,11/11/2015,11/11/2015,11,11,2015,4
Thanksgiving Day,Fourth Thursday in Nov,11/26/2015,11/26/2015,11,26,2015,5
Christmas Day,Annual,12/25/2015,12/25/2015,12,25,2015,6
New Year's Day,Year Start,1/1/2016,1/1/2016,1,1,2016,6
"Birthday of Martin Luther King, Jr",Third Monday of Jan,1/18/2016,1/18/2016,1,18,2016,2
Washington's Birthday,Third Monday in Feb,2/15/2016,2/15/2016,2,15,2016,2
Memorial Day,Last Monday in May,5/23/2016,5/23/2016,5,23,2016,2
Independence Day,Annual,7/4/2016,7/4/2016,7,4,2016,2
Labor Day,First Monday in Sept,9/5/2016,9/5/2016,9,5,2016,2
Columbus Day,Second Monday in Oct,10/10/2016,10/10/2016,10,10,2016,2
Veterans Day,Annual,11/11/2016,11/11/2016,11,11,2016,6
Thanksgiving Day,Fourth Thursday in Nov,11/24/2016,11/24/2016,11,24,2016,5
Christmas Day,Annual,12/25/2016,12/26/2016,12,25,2016,1
New Year's Day,Year Start,1/1/2017,1/2/2017,1,1,2017,1
"Birthday of Martin Luther King, Jr",Third Monday of Jan,1/16/2017,1/16/2017,1,16,2017,2
Washington's Birthday,Third Monday in Feb,2/20/2017,2/20/2017,2,20,2017,2
Memorial Day,Last Monday in May,5/22/2017,5/22/2017,5,22,2017,2
Independence Day,Annual,7/4/2017,7/4/2017,7,4,2017,3
Labor Day,First Monday in Sept,9/4/2017,9/4/2017,9,4,2017,2
Columbus Day,Second Monday in Oct,10/9/2017,10/9/2017,10,9,2017,2
Veterans Day,Annual,11/11/2017,11/10/2017,11,11,2017,7
Thanksgiving Day,Fourth Thursday in Nov,11/23/2017,11/23/2017,11,23,2017,5
Christmas Day,Annual,12/25/2017,12/25/2017,12,25,2017,2
New Year's Day,Year Start,1/1/2018,1/1/2018,1,1,2018,2
"Birthday of Martin Luther King, Jr",Third Monday of Jan,1/15/2018,1/15/2018,1,15,2018,2
Washington's Birthday,Third Monday in Feb,2/19/2018,2/19/2018,2,19,2018,2
Memorial Day,Last Monday in May,5/28/2018,5/28/2018,5,28,2018,2
Independence Day,Annual,7/4/2018,7/4/2018,7,4,2018,4
Labor Day,First Monday in Sept,9/3/2018,9/3/2018,9,3,2018,2
Columbus Day,Second Monday in Oct,10/8/2018,10/8/2018,10,8,2018,2
Veterans Day,Annual,11/11/2018,11/12/2018,11,11,2018,1
Thanksgiving Day,Fourth Thursday in Nov,11/22/2018,11/22/2018,11,22,2018,5
Christmas Day,Annual,12/25/2018,12/25/2018,12,25,2018,3
New Year's Day,Year Start,1/1/2019,1/1/2019,1,1,2019,3
"Birthday of Martin Luther King, Jr",Third Monday of Jan,1/21/2019,1/21/2019,1,21,2019,2
Washington's Birthday,Third Monday in Feb,2/18/2019,2/18/2019,2,18,2019,2
Memorial Day,Last Monday in May,5/27/2019,5/27/2019,5,27,2019,2
Independence Day,Annual,7/4/2019,7/4/2019,7,4,2019,5
Labor Day,First Monday in Sept,9/2/2019,9/2/2019,9,2,2019,2
Columbus Day,Second Monday in Oct,10/14/2019,10/14/2019,10,14,2019,2
Veterans Day,Annual,11/11/2019,11/11/2019,11,11,2019,2
Thanksgiving Day,Fourth Thursday in Nov,11/28/2019,11/28/2019,11,28,2019,5
Christmas Day,Annual,12/25/2019,12/25/2019,12,25,2019,4
New Year's Day,Year Start,1/1/2020,1/1/2020,1,1,2020,4
"Birthday of Martin Luther King, Jr",Third Monday of Jan,1/20/2020,1/20/2020,1,20,2020,2
Washington's Birthday,Third Monday in Feb,2/17/2020,2/17/2020,2,17,2020,2
Memorial Day,Last Monday in May,5/25/2020,5/25/2020,5,25,2020,2
Independence Day,Annual,7/4/2020,7/3/2020,7,4,2020,7
Labor Day,First Monday in Sept,9/7/2020,9/7/2020,9,7,2020,2
Columbus Day,Second Monday in Oct,10/12/2020,10/12/2020,10,12,2020,2
Veterans Day,Annual,11/11/2020,11/11/2020,11,11,2020,4
Thanksgiving Day,Fourth Thursday in Nov,11/26/2020,11/26/2020,11,26,2020,5
Christmas Day,Annual,12/25/2020,12/25/2020,12,25,2020,6
New Year's Day,Year Start,1/1/2021,1/1/2021,1,1,2021,6
"Birthday of Martin Luther King, Jr",Third Monday of Jan,1/18/2021,1/18/2021,1,18,2021,2
Washington's Birthday,Third Monday in Feb,2/15/2021,2/15/2021,2,15,2021,2
Memorial Day,Last Monday in May,5/24/2021,5/24/2021,5,24,2021,2
Juneteenth National Independence Day,Annual,6/19/2021,6/18/2021,6,19,2021,7
Independence Day,Annual,7/4/2021,7/5/2021,7,4,2021,1
Labor Day,First Monday in Sept,9/6/2021,9/6/2021,9,6,2021,2
Columbus Day,Second Monday in Oct,10/11/2021,10/11/2021,10,11,2021,2
Veterans Day,Annual,11/11/2021,11/11/2021,11,11,2021,5
Thanksgiving Day,Fourth Thursday in Nov,11/25/2021,11/25/2021,11,25,2021,5
Christmas Day,Annual,12/25/2021,12/24/2021,12,25,2021,7
New Year's Day,Year Start,1/1/2022,12/31/2021,1,1,2022,7
"Birthday of Martin Luther King, Jr",Third Monday of Jan,1/17/2022,1/17/2022,1,17,2022,2
Washington's Birthday,Third Monday in Feb,2/21/2022,2/21/2022,2,21,2022,2
Memorial Day,Last Monday in May,5/23/2022,5/23/2022,5,23,2022,2
Juneteenth National Independence Day,Annual,6/19/2022,6/20/2022,6,19,2022,1
Independence Day,Annual,7/4/2022,7/4/2022,7,4,2022,2
Labor Day,First Monday in Sept,9/5/2022,9/5/2022,9,5,2022,2
Columbus Day,Second Monday in Oct,10/10/2022,10/10/2022,10,10,2022,2
Veterans Day,Annual,11/11/2022,11/11/2022,11,11,2022,6
Thanksgiving Day,Fourth Thursday in Nov,11/24/2022,11/24/2022,11,24,2022,5
Christmas Day,Annual,12/25/2022,12/26/2022,12,25,2022,1
New Year's Day,Year Start,1/1/2023,1/2/2023,1,1,2023,1
"Birthday of Martin Luther King, Jr",Third Monday of Jan,1/16/2023,1/16/2023,1,16,2023,2
Washington's Birthday,Third Monday in Feb,2/20/2023,2/20/2023,2,20,2023,2
Memorial Day,Last Monday in May,5/22/2023,5/22/2023,5,22,2023,2
Juneteenth National Independence Day,Annual,6/19/2023,6/19/2023,6,19,2023,2
Independence Day,Annual,7/4/2023,7/4/2023,7,4,2023,3
Labor Day,First Monday in Sept,9/4/2023,9/4/2023,9,4,2023,2
Columbus Day,Second Monday in Oct,10/9/2023,10/9/2023,10,9,2023,2
Veterans Day,Annual,11/11/2023,11/10/2023,11,11,2023,7
Thanksgiving Day,Fourth Thursday in Nov,11/23/2023,11/23/2023,11,23,2023,5
Christmas Day,Annual,12/25/2023,12/25/2023,12,25,2023,2
New Year's Day,Year Start,1/1/2024,1/1/2024,1,1,2024,2
"Birthday of Martin Luther King, Jr",Third Monday of Jan,1/15/2024,1/15/2024,1,15,2024,2
Washington's Birthday,Third Monday in Feb,2/19/2024,2/19/2024,2,19,2024,2
Memorial Day,Last Monday in May,5/27/2024,5/27/2024,5,27,2024,2
Juneteenth National Independence Day,Annual,6/19/2024,6/19/2024,6,19,2024,4
Independence Day,Annual,7/4/2024,7/4/2024,7,4,2024,5
Labor Day,First Monday in Sept,9/2/2024,9/2/2024,9,2,2024,2
Columbus Day,Second Monday in Oct,10/14/2024,10/14/2024,10,14,2024,2
Veterans Day,Annual,11/11/2024,11/11/2024,11,11,2024,2
Thanksgiving Day,Fourth Thursday in Nov,11/28/2024,11/28/2024,11,28,2024,5
Christmas Day,Annual,12/25/2024,12/25/2024,12,25,2024,4
New Year's Day,Year Start,1/1/2025,1/1/2025,1,1,2025,4
"Birthday of Martin Luther King, Jr",Third Monday of Jan,1/20/2025,1/20/2025,1,20,2025,2
Washington's Birthday,Third Monday in Feb,2/17/2025,2/17/2025,2,17,2025,2
Memorial Day,Last Monday in May,5/26/2025,5/26/2025,5,26,2025,2
Juneteenth National Independence Day,Annual,6/19/2025,6/19/2025,6,19,2025,5
Independence Day,Annual,7/4/2025,7/4/2025,7,4,2025,6
Labor Day,First Monday in Sept,9/1/2025,9/1/2025,9,1,2025,2
Columbus Day,Second Monday in Oct,10/13/2025,10/13/2025,10,13,2025,2
Veterans Day,Annual,11/11/2025,11/11/2025,11,11,2025,3
Thanksgiving Day,Fourth Thursday in Nov,11/27/2025,11/27/2025,11,27,2025,5
Christmas Day,Annual,12/25/2025,12/25/2025,12,25,2025,5
New Year's Day,Year Start,1/1/2026,1/1/2026,1,1,2026,5
"Birthday of Martin Luther King, Jr",Third Monday of Jan,1/19/2026,1/19/2026,1,19,2026,2
Washington's Birthday,Third Monday in Feb,2/16/2026,2/16/2026,2,16,2026,2
Memorial Day,Last Monday in May,5/25/2026,5/25/2026,5,25,2026,2
Juneteenth National Independence Day,Annual,6/19/2026,6/19/2026,6,19,2026,6
Independence Day,Annual,7/4/2026,7/3/2026,7,4,2026,7
Labor Day,First Monday in Sept,9/7/2026,9/7/2026,9,7,2026,2
Columbus Day,Second Monday in Oct,10/12/2026,10/12/2026,10,12,2026,2
Veterans Day,Annual,11/11/2026,11/11/2026,11,11,2026,4
Thanksgiving Day,Fourth Thursday in Nov,11/26/2026,11/26/2026,11,26,2026,5
Christmas Day,Annual,12/25/2026,12/25/2026,12,25,2026,6
New Year's Day,Year Start,1/1/2027,1/1/2027,1,1,2027,6
"Birthday of Martin Luther King, Jr",Third Monday of Jan,1/18/2027,1/18/2027,1,18,2027,2
Washington's Birthday,Third Monday in Feb,2/15/2027,2/15/2027,2,15,2027,2
Memorial Day,Last Monday in May,5/24/2027,5/24/2027,5,24,2027,2
Juneteenth National Independence Day,Annual,6/19/2027,6/18/2027,6,19,2027,7
Independence Day,Annual,7/4/2027,7/5/2027,7,4,2027,1
Labor Day,First Monday in Sept,9/6/2027,9/6/2027,9,6,2027,2
Columbus Day,Second Monday in Oct,10/11/2027,10/11/2027,10,11,2027,2
Veterans Day,Annual,11/11/2027,11/11/2027,11,11,2027,5
Thanksgiving Day,Fourth Thursday in Nov,11/25/2027,11/25/2027,11,25,2027,5
Christmas Day,Annual,12/25/2027,12/24/2027,12,25,2027,7
New Year's Day,Year Start,1/1/2028,12/31/2027,1,1,2028,7
"Birthday of Martin Luther King, Jr",Third Monday of Jan,1/17/2028,1/17/2028,1,17,2028,2
Washington's Birthday,Third Monday in Feb,2/21/2028,2/21/2028,2,21,2028,2
Memorial Day,Last Monday in May,5/22/2028,5/22/2028,5,22,2028,2
Juneteenth National Independence Day,Annual,6/19/2028,6/19/2028,6,19,2028,2
Independence Day,Annual,7/4/2028,7/4/2028,7,4,2028,3
Labor Day,First Monday in Sept,9/4/2028,9/4/2028,9,4,2028,2
Columbus Day,Second Monday in Oct,10/9/2028,10/9/2028,10,9,2028,2
Veterans Day,Annual,11/11/2028,11/10/2028,11,11,2028,7
Thanksgiving Day,Fourth Thursday in Nov,11/23/2028,11/23/2028,11,23,2028,5
Christmas Day,Annual,12/25/2028,12/25/2028,12,25,2028,2
New Year's Day,Year Start,1/1/2029,1/1/2029,1,1,2029,2
"Birthday of Martin Luther King, Jr",Third Monday of Jan,1/15/2029,1/15/2029,1,15,2029,2
Washington's Birthday,Third Monday in Feb,2/19/2029,2/19/2029,2,19,2029,2
Memorial Day,Last Monday in May,5/28/2029,5/28/2029,5,28,2029,2
Juneteenth National Independence Day,Annual,6/19/2029,6/19/2029,6,19,2029,3
Independence Day,Annual,7/4/2029,7/4/2029,7,4,2029,4
Labor Day,First Monday in Sept,9/3/2029,9/3/2029,9,3,2029,2
Columbus Day,Second Monday in Oct,10/8/2029,10/8/2029,10,8,2029,2
Veterans Day,Annual,11/11/2029,11/12/2029,11,11,2029,1
Thanksgiving Day,Fourth Thursday in Nov,11/22/2029,11/22/2029,11,22,2029,5
Christmas Day,Annual,12/25/2029,12/25/2029,12,25,2029,3
New Year's Day,Year Start,1/1/2030,1/1/2030,1,1,2030,3
"Birthday of Martin Luther King, Jr",Third Monday of Jan,1/21/2030,1/21/2030,1,21,2030,2
Washington's Birthday,Third Monday in Feb,2/18/2030,2/18/2030,2,18,2030,2
Memorial Day,Last Monday in May,5/27/2030,5/27/2030,5,27,2030,2
Juneteenth National Independence Day,Annual,6/19/2030,6/19/2030,6,19,2030,4
Independence Day,Annual,7/4/2030,7/4/2030,7,4,2030,5
Labor Day,First Monday in Sept,9/2/2030,9/2/2030,9,2,2030,2
Columbus Day,Second Monday in Oct,10/14/2030,10/14/2030,10,14,2030,2
Veterans Day,Annual,11/11/2030,11/11/2030,11,11,2030,2
Thanksgiving Day,Fourth Thursday in Nov,11/28/2030,11/28/2030,11,28,2030,5
Christmas Day,Annual,12/25/2030,12/25/2030,12,25,2030,4
New Year's Day,Year Start,1/1/2031,1/1/2031,1,1,2031,4
"Birthday of Martin Luther King, Jr",Third Monday of Jan,1/20/2031,1/20/2031,1,20,2031,2
Washington's Birthday,Third Monday in Feb,2/17/2031,2/17/2031,2,17,2031,2
Memorial Day,Last Monday in May,5/26/2031,5/26/2031,5,26,2031,2
Juneteenth National Independence Day,Annual,6/19/2031,6/19/2031,6,19,2031,5
Independence Day,Annual,7/4/2031,7/4/2031,7,4,2031,6
Labor Day,First Monday in Sept,9/1/2031,9/1/2031,9,1,2031,2
Columbus Day,Second Monday in Oct,10/13/2031,10/13/2031,10,13,2031,2
Veterans Day,Annual,11/11/2031,11/11/2031,11,11,2031,3
Thanksgiving Day,Fourth Thursday in Nov,11/27/2031,11/27/2031,11,27,2031,5
Christmas Day,Annual,12/25/2031,12/25/2031,12,25,2031,5
New Year's Day,Year Start,1/1/2032,1/1/2032,1,1,2032,5
"Birthday of Martin Luther King, Jr",Third Monday of Jan,1/19/2032,1/19/2032,1,19,2032,2
Washington's Birthday,Third Monday in Feb,2/16/2032,2/16/2032,2,16,2032,2
Memorial Day,Last Monday in May,5/24/2032,5/24/2032,5,24,2032,2
Juneteenth National Independence Day,Annual,6/19/2032,6/18/2032,6,19,2032,7
Independence Day,Annual,7/4/2032,7/5/2032,7,4,2032,1
Labor Day,First Monday in Sept,9/6/2032,9/6/2032,9,6,2032,2
Columbus Day,Second Monday in Oct,10/11/2032,10/11/2032,10,11,2032,2
Veterans Day,Annual,11/11/2032,11/11/2032,11,11,2032,5
Thanksgiving Day,Fourth Thursday in Nov,11/25/2032,11/25/2032,11,25,2032,5
Christmas Day,Annual,12/25/2032,12/24/2032,12,25,2032,7
New Year's Day,Year Start,1/1/2033,12/31/2032,1,1,2033,7
"Birthday of Martin Luther King, Jr",Third Monday of Jan,1/17/2033,1/17/2033,1,17,2033,2
Washington's Birthday,Third Monday in Feb,2/21/2033,2/21/2033,2,21,2033,2
Memorial Day,Last Monday in May,5/23/2033,5/23/2033,5,23,2033,2
Juneteenth National Independence Day,Annual,6/19/2033,6/20/2033,6,19,2033,1
Independence Day,Annual,7/4/2033,7/4/2033,7,4,2033,2
Labor Day,First Monday in Sept,9/5/2033,9/5/2033,9,5,2033,2
Columbus Day,Second Monday in Oct,10/10/2033,10/10/2033,10,10,2033,2
Veterans Day,Annual,11/11/2033,11/11/2033,11,11,2033,6
Thanksgiving Day,Fourth Thursday in Nov,11/24/2033,11/24/2033,11,24,2033,5
Christmas Day,Annual,12/25/2033,12/26/2033,12,25,2033,1
New Year's Day,Year Start,1/1/2034,1/2/2034,1,1,2034,1
"Birthday of Martin Luther King, Jr",Third Monday of Jan,1/16/2034,1/16/2034,1,16,2034,2
Washington's Birthday,Third Monday in Feb,2/20/2034,2/20/2034,2,20,2034,2
Memorial Day,Last Monday in May,5/22/2034,5/22/2034,5,22,2034,2
Juneteenth National Independence Day,Annual,6/19/2034,6/19/2034,6,19,2034,2
Independence Day,Annual,7/4/2034,7/4/2034,7,4,2034,3
Labor Day,First Monday in Sept,9/4/2034,9/4/2034,9,4,2034,2
Columbus Day,Second Monday in Oct,10/9/2034,10/9/2034,10,9,2034,2
Veterans Day,Annual,11/11/2034,11/10/2034,11,11,2034,7
Thanksgiving Day,Fourth Thursday in Nov,11/23/2034,11/23/2034,11,23,2034,5
Christmas Day,Annual,12/25/2034,12/25/2034,12,25,2034,2
New Year's Day,Year Start,1/1/2035,1/1/2035,1,1,2035,2
"Birthday of Martin Luther King, Jr",Third Monday of Jan,1/15/2035,1/15/2035,1,15,2035,2
Washington's Birthday,Third Monday in Feb,2/19/2035,2/19/2035,2,19,2035,2
Memorial Day,Last Monday in May,5/28/2035,5/28/2035,5,28,2035,2
Juneteenth National Independence Day,Annual,6/19/2035,6/19/2035,6,19,2035,3
Independence Day,Annual,7/4/2035,7/4/2035,7,4,2035,4
Labor Day,First Monday in Sept,9/3/2035,9/3/2035,9,3,2035,2
Columbus Day,Second Monday in Oct,10/8/2035,10/8/2035,10,8,2035,2
Veterans Day,Annual,11/11/2035,11/12/2035,11,11,2035,1
Thanksgiving Day,Fourth Thursday in Nov,11/22/2035,11/22/2035,11,22,2035,5
Christmas Day,Annual,12/25/2035,12/25/2035,12,25,2035,3
New Year's Day,Year Start,1/1/2036,1/1/2036,1,1,2036,3
"Birthday of Martin Luther King, Jr",Third Monday of Jan,1/21/2036,1/21/2036,1,21,2036,2
Washington's Birthday,Third Monday in Feb,2/18/2036,2/18/2036,2,18,2036,2
Memorial Day,Last Monday in May,5/26/2036,5/26/2036,5,26,2036,2
Juneteenth National Independence Day,Annual,6/19/2036,6/19/2036,6,19,2036,5
Independence Day,Annual,7/4/2036,7/4/2036,7,4,2036,6
Labor Day,First Monday in Sept,9/1/2036,9/1/2036,9,1,2036,2
Columbus Day,Second Monday in Oct,10/13/2036,10/13/2036,10,13,2036,2
Veterans Day,Annual,11/11/2036,11/11/2036,11,11,2036,3
Thanksgiving Day,Fourth Thursday in Nov,11/27/2036,11/27/2036,11,27,2036,5
Christmas Day,Annual,12/25/2036,12/25/2036,12,25,2036,5
New Year's Day,Year Start,1/1/2037,1/1/2037,1,1,2037,5
"Birthday of Martin Luther King, Jr",Third Monday of Jan,1/19/2037,1/19/2037,1,19,2037,2
Washington's Birthday,Third Monday in Feb,2/16/2037,2/16/2037,2,16,2037,2
Memorial Day,Last Monday in May,5/25/2037,5/25/2037,5,25,2037,2
Juneteenth National Independence Day,Annual,6/19/2037,6/19/2037,6,19,2037,6
Independence Day,Annual,7/4/2037,7/3/2037,7,4,2037,7
Labor Day,First Monday in Sept,9/7/2037,9/7/2037,9,7,2037,2
Columbus Day,Second Monday in Oct,10/12/2037,10/12/2037,10,12,2037,2
Veterans Day,Annual,11/11/2037,11/11/2037,11,11,2037,4
Thanksgiving Day,Fourth Thursday in Nov,11/26/2037,11/26/2037,11,26,2037,5
Christmas Day,Annual,12/25/2037,12/25/2037,12,25,2037,6
New Year's Day,Year Start,1/1/2038,1/1/2038,1,1,2038,6
"Birthday of Martin Luther King, Jr",Third Monday of Jan,1/18/2038,1/18/2038,1,18,2038,2
Washington's Birthday,Third Monday in Feb,2/15/2038,2/15/2038,2,15,2038,2
Memorial Day,Last Monday in May,5/24/2038,5/24/2038,5,24,2038,2
Juneteenth National Independence Day,Annual,6/19/2038,6/18/2038,6,19,2038,7
Independence Day,Annual,7/4/2038,7/5/2038,7,4,2038,1
Labor Day,First Monday in Sept,9/6/2038,9/6/2038,9,6,2038,2
Columbus Day,Second Monday in Oct,10/11/2038,10/11/2038,10,11,2038,2
Veterans Day,Annual,11/11/2038,11/11/2038,11,11,2038,5
Thanksgiving Day,Fourth Thursday in Nov,11/25/2038,11/25/2038,11,25,2038,5
Christmas Day,Annual,12/25/2038,12/24/2038,12,25,2038,7
New Year's Day,Year Start,1/1/2039,12/31/2038,1,1,2039,7
"Birthday of Martin Luther King, Jr",Third Monday of Jan,1/17/2039,1/17/2039,1,17,2039,2
Washington's Birthday,Third Monday in Feb,2/21/2039,2/21/2039,2,21,2039,2
Memorial Day,Last Monday in May,5/23/2039,5/23/2039,5,23,2039,2
Juneteenth National Independence Day,Annual,6/19/2039,6/20/2039,6,19,2039,1
Independence Day,Annual,7/4/2039,7/4/2039,7,4,2039,2
Labor Day,First Monday in Sept,9/5/2039,9/5/2039,9,5,2039,2
Columbus Day,Second Monday in Oct,10/10/2039,10/10/2039,10,10,2039,2
Veterans Day,Annual,11/11/2039,11/11/2039,11,11,2039,6
Thanksgiving Day,Fourth Thursday in Nov,11/24/2039,11/24/2039,11,24,2039,5
Christmas Day,Annual,12/25/2039,12/26/2039,12,25,2039,1
New Year's Day,Year Start,1/1/2040,1/2/2040,1,1,2040,1
"Birthday of Martin Luther King, Jr",Third Monday of Jan,1/16/2040,1/16/2040,1,16,2040,2
Washington's Birthday,Third Monday in Feb,2/20/2040,2/20/2040,2,20,2040,2
Memorial Day,Last Monday in May,5/28/2040,5/28/2040,5,28,2040,2
Juneteenth National Independence Day,Annual,6/19/2040,6/19/2040,6,19,2040,3
Independence Day,Annual,7/4/2040,7/4/2040,7,4,2040,4
Labor Day,First Monday in Sept,9/3/2040,9/3/2040,9,3,2040,2
Columbus Day,Second Monday in Oct,10/8/2040,10/8/2040,10,8,2040,2
Veterans Day,Annual,11/11/2040,11/12/2040,11,11,2040,1
Thanksgiving Day,Fourth Thursday in Nov,11/22/2040,11/22/2040,11,22,2040,5
Christmas Day,Annual,12/25/2040,12/25/2040,12,25,2040,3
New Year's Day,Year Start,1/1/2041,1/1/2041,1,1,2041,3
"Birthday of Martin Luther King, Jr",Third Monday of Jan,1/21/2041,1/21/2041,1,21,2041,2
Washington's Birthday,Third Monday in Feb,2/18/2041,2/18/2041,2,18,2041,2
Memorial Day,Last Monday in May,5/27/2041,5/27/2041,5,27,2041,2
Juneteenth National Independence Day,Annual,6/19/2041,6/19/2041,6,19,2041,4
Independence Day,Annual,7/4/2041,7/4/2041,7,4,2041,5
Labor Day,First Monday in Sept,9/2/2041,9/2/2041,9,2,2041,2
Columbus Day,Second Monday in Oct,10/14/2041,10/14/2041,10,14,2041,2
Veterans Day,Annual,11/11/2041,11/11/2041,11,11,2041,2
Thanksgiving Day,Fourth Thursday in Nov,11/28/2041,11/28/2041,11,28,2041,5
Christmas Day,Annual,12/25/2041,12/25/2041,12,25,2041,4
New Year's Day,Year Start,1/1/2042,1/1/2042,1,1,2042,4
"Birthday of Martin Luther King, Jr",Third Monday of Jan,1/20/2042,1/20/2042,1,20,2042,2
Washington's Birthday,Third Monday in Feb,2/17/2042,2/17/2042,2,17,2042,2
Memorial Day,Last Monday in May,5/26/2042,5/26/2042,5,26,2042,2
Juneteenth National Independence Day,Annual,6/19/2042,6/19/2042,6,19,2042,5
Independence Day,Annual,7/4/2042,7/4/2042,7,4,2042,6
Labor Day,First Monday in Sept,9/1/2042,9/1/2042,9,1,2042,2
Columbus Day,Second Monday in Oct,10/13/2042,10/13/2042,10,13,2042,2
Veterans Day,Annual,11/11/2042,11/11/2042,11,11,2042,3
Thanksgiving Day,Fourth Thursday in Nov,11/27/2042,11/27/2042,11,27,2042,5
Christmas Day,Annual,12/25/2042,12/25/2042,12,25,2042,5
New Year's Day,Year Start,1/1/2043,1/1/2043,1,1,2043,5
"Birthday of Martin Luther King, Jr",Third Monday of Jan,1/19/2043,1/19/2043,1,19,2043,2
Washington's Birthday,Third Monday in Feb,2/16/2043,2/16/2043,2,16,2043,2
Memorial Day,Last Monday in May,5/25/2043,5/25/2043,5,25,2043,2
Juneteenth National Independence Day,Annual,6/19/2043,6/19/2043,6,19,2043,6
Independence Day,Annual,7/4/2043,7/3/2043,7,4,2043,7
Labor Day,First Monday in Sept,9/7/2043,9/7/2043,9,7,2043,2
Columbus Day,Second Monday in Oct,10/12/2043,10/12/2043,10,12,2043,2
Veterans Day,Annual,11/11/2043,11/11/2043,11,11,2043,4
Thanksgiving Day,Fourth Thursday in Nov,11/26/2043,11/26/2043,11,26,2043,5
Christmas Day,Annual,12/25/2043,12/25/2043,12,25,2043,6
New Year's Day,Year Start,1/1/2044,1/1/2044,1,1,2044,6
"Birthday of Martin Luther King, Jr",Third Monday of Jan,1/18/2044,1/18/2044,1,18,2044,2
Washington's Birthday,Third Monday in Feb,2/15/2044,2/15/2044,2,15,2044,2
Memorial Day,Last Monday in May,5/23/2044,5/23/2044,5,23,2044,2
Juneteenth National Independence Day,Annual,6/19/2044,6/20/2044,6,19,2044,1
Independence Day,Annual,7/4/2044,7/4/2044,7,4,2044,2
Labor Day,First Monday in Sept,9/5/2044,9/5/2044,9,5,2044,2
Columbus Day,Second Monday in Oct,10/10/2044,10/10/2044,10,10,2044,2
Veterans Day,Annual,11/11/2044,11/11/2044,11,11,2044,6
Thanksgiving Day,Fourth Thursday in Nov,11/24/2044,11/24/2044,11,24,2044,5
Christmas Day,Annual,12/25/2044,12/26/2044,12,25,2044,1
New Year's Day,Year Start,1/1/2045,1/2/2045,1,1,2045,1
"Birthday of Martin Luther King, Jr",Third Monday of Jan,1/16/2045,1/16/2045,1,16,2045,2
Washington's Birthday,Third Monday in Feb,2/20/2045,2/20/2045,2,20,2045,2
Memorial Day,Last Monday in May,5/22/2045,5/22/2045,5,22,2045,2
Juneteenth National Independence Day,Annual,6/19/2045,6/19/2045,6,19,2045,2
Independence Day,Annual,7/4/2045,7/4/2045,7,4,2045,3
Labor Day,First Monday in Sept,9/4/2045,9/4/2045,9,4,2045,2
Columbus Day,Second Monday in Oct,10/9/2045,10/9/2045,10,9,2045,2
Veterans Day,Annual,11/11/2045,11/10/2045,11,11,2045,7
Thanksgiving Day,Fourth Thursday in Nov,11/23/2045,11/23/2045,11,23,2045,5
Christmas Day,Annual,12/25/2045,12/25/2045,12,25,2045,2
New Year's Day,Year Start,1/1/2046,1/1/2046,1,1,2046,2
"Birthday of Martin Luther King, Jr",Third Monday of Jan,1/15/2046,1/15/2046,1,15,2046,2
Washington's Birthday,Third Monday in Feb,2/19/2046,2/19/2046,2,19,2046,2
Memorial Day,Last Monday in May,5/28/2046,5/28/2046,5,28,2046,2
Juneteenth National Independence Day,Annual,6/19/2046,6/19/2046,6,19,2046,3
Independence Day,Annual,7/4/2046,7/4/2046,7,4,2046,4
Labor Day,First Monday in Sept,9/3/2046,9/3/2046,9,3,2046,2
Columbus Day,Second Monday in Oct,10/8/2046,10/8/2046,10,8,2046,2
Veterans Day,Annual,11/11/2046,11/12/2046,11,11,2046,1
Thanksgiving Day,Fourth Thursday in Nov,11/22/2046,11/22/2046,11,22,2046,5
Christmas Day,Annual,12/25/2046,12/25/2046,12,25,2046,3
New Year's Day,Year Start,1/1/2047,1/1/2047,1,1,2047,3
"Birthday of Martin Luther King, Jr",Third Monday of Jan,1/21/2047,1/21/2047,1,21,2047,2
Washington's Birthday,Third Monday in Feb,2/18/2047,2/18/2047,2,18,2047,2
Memorial Day,Last Monday in May,5/27/2047,5/27/2047,5,27,2047,2
Juneteenth National Independence Day,Annual,6/19/2047,6/19/2047,6,19,2047,4
Independence Day,Annual,7/4/2047,7/4/2047,7,4,2047,5
Labor Day,First Monday in Sept,9/2/2047,9/2/2047,9,2,2047,2
Columbus Day,Second Monday in Oct,10/14/2047,10/14/2047,10,14,2047,2
Veterans Day,Annual,11/11/2047,11/11/2047,11,11,2047,2
Thanksgiving Day,Fourth Thursday in Nov,11/28/2047,11/28/2047,11,28,2047,5
Christmas Day,Annual,12/25/2047,12/25/2047,12,25,2047,4
New Year's Day,Year Start,1/1/2048,1/1/2048,1,1,2048,4
"Birthday of Martin Luther King, Jr",Third Monday of Jan,1/20/2048,1/20/2048,1,20,2048,2
Washington's Birthday,Third Monday in Feb,2/17/2048,2/17/2048,2,17,2048,2
Memorial Day,Last Monday in May,5/25/2048,5/25/2048,5,25,2048,2
Juneteenth National Independence Day,Annual,6/19/2048,6/19/2048,6,19,2048,6
Independence Day,Annual,7/4/2048,7/3/2048,7,4,2048,7
Labor Day,First Monday in Sept,9/7/2048,9/7/2048,9,7,2048,2
Columbus Day,Second Monday in Oct,10/12/2048,10/12/2048,10,12,2048,2
Veterans Day,Annual,11/11/2048,11/11/2048,11,11,2048,4
Thanksgiving Day,Fourth Thursday in Nov,11/26/2048,11/26/2048,11,26,2048,5
Christmas Day,Annual,12/25/2048,12/25/2048,12,25,2048,6
New Year's Day,Year Start,1/1/2049,1/1/2049,1,1,2049,6
"Birthday of Martin Luther King, Jr",Third Monday of Jan,1/18/2049,1/18/2049,1,18,2049,2
Washington's Birthday,Third Monday in Feb,2/15/2049,2/15/2049,2,15,2049,2
Memorial Day,Last Monday in May,5/24/2049,5/24/2049,5,24,2049,2
Juneteenth National Independence Day,Annual,6/19/2049,6/18/2049,6,19,2049,7
Independence Day,Annual,7/4/2049,7/5/2049,7,4,2049,1
Labor Day,First Monday in Sept,9/6/2049,9/6/2049,9,6,2049,2
Columbus Day,Second Monday in Oct,10/11/2049,10/11/2049,10,11,2049,2
Veterans Day,Annual,11/11/2049,11/11/2049,11,11,2049,5
Thanksgiving Day,Fourth Thursday in Nov,11/25/2049,11/25/2049,11,25,2049,5
Christmas Day,Annual,12/25/2049,12/24/2049,12,25,2049,7
New Year's Day,Year Start,1/1/2050,12/31/2049,1,1,2050,7
"Birthday of Martin Luther King, Jr",Third Monday of Jan,1/17/2050,1/17/2050,1,17,2050,2
Washington's Birthday,Third Monday in Feb,2/21/2050,2/21/2050,2,21,2050,2
Memorial Day,Last Monday in May,5/23/2050,5/23/2050,5,23,2050,2
Juneteenth National Independence Day,Annual,6/19/2050,6/20/2050,6,19,2050,1
Independence Day,Annual,7/4/2050,7/4/2050,7,4,2050,2
Labor Day,First Monday in Sept,9/5/2050,9/5/2050,9,5,2050,2
Columbus Day,Second Monday in Oct,10/10/2050,10/10/2050,10,10,2050,2
Veterans Day,Annual,11/11/2050,11/11/2050,11,11,2050,6
Thanksgiving Day,Fourth Thursday in Nov,11/24/2050,11/24/2050,11,24,2050,5
Christmas Day,Annual,12/25/2050,12/26/2050,12,25,2050,1
New Year's Day,Year Start,1/1/2051,1/2/2051,1,1,2051,1
"Birthday of Martin Luther King, Jr",Third Monday of Jan,1/16/2051,1/16/2051,1,16,2051,2
Washington's Birthday,Third Monday in Feb,2/20/2051,2/20/2051,2,20,2051,2
Memorial Day,Last Monday in May,5/22/2051,5/22/2051,5,22,2051,2
Juneteenth National Independence Day,Annual,6/19/2051,6/19/2051,6,19,2051,2
Independence Day,Annual,7/4/2051,7/4/2051,7,4,2051,3
Labor Day,First Monday in Sept,9/4/2051,9/4/2051,9,4,2051,2
Columbus Day,Second Monday in Oct,10/9/2051,10/9/2051,10,9,2051,2
Veterans Day,Annual,11/11/2051,11/10/2051,11,11,2051,7
Thanksgiving Day,Fourth Thursday in Nov,11/23/2051,11/23/2051,11,23,2051,5
Christmas Day,Annual,12/25/2051,12/25/2051,12,25,2051,2
New Year's Day,Year Start,1/1/2052,1/1/2052,1,1,2052,2
"Birthday of Martin Luther King, Jr",Third Monday of Jan,1/15/2052,1/15/2052,1,15,2052,2
Washington's Birthday,Third Monday in Feb,2/19/2052,2/19/2052,2,19,2052,2
Memorial Day,Last Monday in May,5/27/2052,5/27/2052,5,27,2052,2
Juneteenth National Independence Day,Annual,6/19/2052,6/19/2052,6,19,2052,4
Independence Day,Annual,7/4/2052,7/4/2052,7,4,2052,5
Labor Day,First Monday in Sept,9/2/2052,9/2/2052,9,2,2052,2
Columbus Day,Second Monday in Oct,10/14/2052,10/14/2052,10,14,2052,2
Veterans Day,Annual,11/11/2052,11/11/2052,11,11,2052,2
Thanksgiving Day,Fourth Thursday in Nov,11/28/2052,11/28/2052,11,28,2052,5
Christmas Day,Annual,12/25/2052,12/25/2052,12,25,2052,4
New Year's Day,Year Start,1/1/2053,1/1/2053,1,1,2053,4
"Birthday of Martin Luther King, Jr",Third Monday of Jan,1/20/2053,1/20/2053,1,20,2053,2
Washington's Birthday,Third Monday in Feb,2/17/2053,2/17/2053,2,17,2053,2
Memorial Day,Last Monday in May,5/26/2053,5/26/2053,5,26,2053,2
Juneteenth National Independence Day,Annual,6/19/2053,6/19/2053,6,19,2053,5
Independence Day,Annual,7/4/2053,7/4/2053,7,4,2053,6
Labor Day,First Monday in Sept,9/1/2053,9/1/2053,9,1,2053,2
Columbus Day,Second Monday in Oct,10/13/2053,10/13/2053,10,13,2053,2
Veterans Day,Annual,11/11/2053,11/11/2053,11,11,2053,3
Thanksgiving Day,Fourth Thursday in Nov,11/27/2053,11/27/2053,11,27,2053,5
Christmas Day,Annual,12/25/2053,12/25/2053,12,25,2053,5
New Year's Day,Year Start,1/1/2054,1/1/2054,1,1,2054,5
"Birthday of Martin Luther King, Jr",Third Monday of Jan,1/19/2054,1/19/2054,1,19,2054,2
Washington's Birthday,Third Monday in Feb,2/16/2054,2/16/2054,2,16,2054,2
Memorial Day,Last Monday in May,5/25/2054,5/25/2054,5,25,2054,2
Juneteenth National Independence Day,Annual,6/19/2054,6/19/2054,6,19,2054,6
Independence Day,Annual,7/4/2054,7/3/2054,7,4,2054,7
Labor Day,First Monday in Sept,9/7/2054,9/7/2054,9,7,2054,2
Columbus Day,Second Monday in Oct,10/12/2054,10/12/2054,10,12,2054,2
Veterans Day,Annual,11/11/2054,11/11/2054,11,11,2054,4
Thanksgiving Day,Fourth Thursday in Nov,11/26/2054,11/26/2054,11,26,2054,5
Christmas Day,Annual,12/25/2054,12/25/2054,12,25,2054,6
New Year's Day,Year Start,1/1/2055,1/1/2055,1,1,2055,6
"Birthday of Martin Luther King, Jr",Third Monday of Jan,1/18/2055,1/18/2055,1,18,2055,2
Washington's Birthday,Third Monday in Feb,2/15/2055,2/15/2055,2,15,2055,2
Memorial Day,Last Monday in May,5/24/2055,5/24/2055,5,24,2055,2
Juneteenth National Independence Day,Annual,6/19/2055,6/18/2055,6,19,2055,7
Independence Day,Annual,7/4/2055,7/5/2055,7,4,2055,1
Labor Day,First Monday in Sept,9/6/2055,9/6/2055,9,6,2055,2
Columbus Day,Second Monday in Oct,10/11/2055,10/11/2055,10,11,2055,2
Veterans Day,Annual,11/11/2055,11/11/2055,11,11,2055,5
Thanksgiving Day,Fourth Thursday in Nov,11/25/2055,11/25/2055,11,25,2055,5
Christmas Day,Annual,12/25/2055,12/24/2055,12,25,2055,7
New Year's Day,Year Start,1/1/2056,12/31/2055,1,1,2056,7
"Birthday of Martin Luther King, Jr",Third Monday of Jan,1/17/2056,1/17/2056,1,17,2056,2
Washington's Birthday,Third Monday in Feb,2/21/2056,2/21/2056,2,21,2056,2
Memorial Day,Last Monday in May,5/22/2056,5/22/2056,5,22,2056,2
Juneteenth National Independence Day,Annual,6/19/2056,6/19/2056,6,19,2056,2
Independence Day,Annual,7/4/2056,7/4/2056,7,4,2056,3
Labor Day,First Monday in Sept,9/4/2056,9/4/2056,9,4,2056,2
Columbus Day,Second Monday in Oct,10/9/2056,10/9/2056,10,9,2056,2
Veterans Day,Annual,11/11/2056,11/10/2056,11,11,2056,7
Thanksgiving Day,Fourth Thursday in Nov,11/23/2056,11/23/2056,11,23,2056,5
Christmas Day,Annual,12/25/2056,12/25/2056,12,25,2056,2
New Year's Day,Year Start,1/1/2057,1/1/2057,1,1,2057,2
"Birthday of Martin Luther King, Jr",Third Monday of Jan,1/15/2057,1/15/2057,1,15,2057,2
Washington's Birthday,Third Monday in Feb,2/19/2057,2/19/2057,2,19,2057,2
Memorial Day,Last Monday in May,5/28/2057,5/28/2057,5,28,2057,2
Juneteenth National Independence Day,Annual,6/19/2057,6/19/2057,6,19,2057,3
Independence Day,Annual,7/4/2057,7/4/2057,7,4,2057,4
Labor Day,First Monday in Sept,9/3/2057,9/3/2057,9,3,2057,2
Columbus Day,Second Monday in Oct,10/8/2057,10/8/2057,10,8,2057,2
Veterans Day,Annual,11/11/2057,11/12/2057,11,11,2057,1
Thanksgiving Day,Fourth Thursday in Nov,11/22/2057,11/22/2057,11,22,2057,5
Christmas Day,Annual,12/25/2057,12/25/2057,12,25,2057,3
New Year's Day,Year Start,1/1/2058,1/1/2058,1,1,2058,3
"Birthday of Martin Luther King, Jr",Third Monday of Jan,1/21/2058,1/21/2058,1,21,2058,2
Washington's Birthday,Third Monday in Feb,2/18/2058,2/18/2058,2,18,2058,2
Memorial Day,Last Monday in May,5/27/2058,5/27/2058,5,27,2058,2
Juneteenth National Independence Day,Annual,6/19/2058,6/19/2058,6,19,2058,4
Independence Day,Annual,7/4/2058,7/4/2058,7,4,2058,5
Labor Day,First Monday in Sept,9/2/2058,9/2/2058,9,2,2058,2
Columbus Day,Second Monday in Oct,10/14/2058,10/14/2058,10,14,2058,2
Veterans Day,Annual,11/11/2058,11/11/2058,11,11,2058,2
Thanksgiving Day,Fourth Thursday in Nov,11/28/2058,11/28/2058,11,28,2058,5
Christmas Day,Annual,12/25/2058,12/25/2058,12,25,2058,4
New Year's Day,Year Start,1/1/2059,1/1/2059,1,1,2059,4
"Birthday of Martin Luther King, Jr",Third Monday of Jan,1/20/2059,1/20/2059,1,20,2059,2
Washington's Birthday,Third Monday in Feb,2/17/2059,2/17/2059,2,17,2059,2
Memorial Day,Last Monday in May,5/26/2059,5/26/2059,5,26,2059,2
Juneteenth National Independence Day,Annual,6/19/2059,6/19/2059,6,19,2059,5
Independence Day,Annual,7/4/2059,7/4/2059,7,4,2059,6
Labor Day,First Monday in Sept,9/1/2059,9/1/2059,9,1,2059,2
Columbus Day,Second Monday in Oct,10/13/2059,10/13/2059,10,13,2059,2
Veterans Day,Annual,11/11/2059,11/11/2059,11,11,2059,3
Thanksgiving Day,Fourth Thursday in Nov,11/27/2059,11/27/2059,11,27,2059,5
Christmas Day,Annual,12/25/2059,12/25/2059,12,25,2059,5
New Year's Day,Year Start,1/1/2060,1/1/2060,1,1,2060,5
"Birthday of Martin Luther King, Jr",Third Monday of Jan,1/19/2060,1/19/2060,1,19,2060,2
Washington's Birthday,Third Monday in Feb,2/16/2060,2/16/2060,2,16,2060,2
Memorial Day,Last Monday in May,5/24/2060,5/24/2060,5,24,2060,2
Juneteenth National Independence Day,Annual,6/19/2060,6/18/2060,6,19,2060,7
Independence Day,Annual,7/4/2060,7/5/2060,7,4,2060,1
Labor Day,First Monday in Sept,9/6/2060,9/6/2060,9,6,2060,2
Columbus Day,Second Monday in Oct,10/11/2060,10/11/2060,10,11,2060,2
Veterans Day,Annual,11/11/2060,11/11/2060,11,11,2060,5
Thanksgiving Day,Fourth Thursday in Nov,11/25/2060,11/25/2060,11,25,2060,5
Christmas Day,Annual,12/25/2060,12/24/2060,12,25,2060,7
New Year's Day,Year Start,1/1/2061,12/31/2060,1,1,2061,7
"Birthday of Martin Luther King, Jr",Third Monday of Jan,1/17/2061,1/17/2061,1,17,2061,2
Washington's Birthday,Third Monday in Feb,2/21/2061,2/21/2061,2,21,2061,2
Memorial Day,Last Monday in May,5/23/2061,5/23/2061,5,23,2061,2
Juneteenth National Independence Day,Annual,6/19/2061,6/20/2061,6,19,2061,1
Independence Day,Annual,7/4/2061,7/4/2061,7,4,2061,2
Labor Day,First Monday in Sept,9/5/2061,9/5/2061,9,5,2061,2
Columbus Day,Second Monday in Oct,10/10/2061,10/10/2061,10,10,2061,2
Veterans Day,Annual,11/11/2061,11/11/2061,11,11,2061,6
Thanksgiving Day,Fourth Thursday in Nov,11/24/2061,11/24/2061,11,24,2061,5
Christmas Day,Annual,12/25/2061,12/26/2061,12,25,2061,1
New Year's Day,Year Start,1/1/2062,1/2/2062,1,1,2062,1
"Birthday of Martin Luther King, Jr",Third Monday of Jan,1/16/2062,1/16/2062,1,16,2062,2
Washington's Birthday,Third Monday in Feb,2/20/2062,2/20/2062,2,20,2062,2
Memorial Day,Last Monday in May,5/22/2062,5/22/2062,5,22,2062,2
Juneteenth National Independence Day,Annual,6/19/2062,6/19/2062,6,19,2062,2
Independence Day,Annual,7/4/2062,7/4/2062,7,4,2062,3
Labor Day,First Monday in Sept,9/4/2062,9/4/2062,9,4,2062,2
Columbus Day,Second Monday in Oct,10/9/2062,10/9/2062,10,9,2062,2
Veterans Day,Annual,11/11/2062,11/10/2062,11,11,2062,7
Thanksgiving Day,Fourth Thursday in Nov,11/23/2062,11/23/2062,11,23,2062,5
Christmas Day,Annual,12/25/2062,12/25/2062,12,25,2062,2
New Year's Day,Year Start,1/1/2063,1/1/2063,1,1,2063,2
"Birthday of Martin Luther King, Jr",Third Monday of Jan,1/15/2063,1/15/2063,1,15,2063,2
Washington's Birthday,Third Monday in Feb,2/19/2063,2/19/2063,2,19,2063,2
Memorial Day,Last Monday in May,5/28/2063,5/28/2063,5,28,2063,2
Juneteenth National Independence Day,Annual,6/19/2063,6/19/2063,6,19,2063,3
Independence Day,Annual,7/4/2063,7/4/2063,7,4,2063,4
Labor Day,First Monday in Sept,9/3/2063,9/3/2063,9,3,2063,2
Columbus Day,Second Monday in Oct,10/8/2063,10/8/2063,10,8,2063,2
Veterans Day,Annual,11/11/2063,11/12/2063,11,11,2063,1
Thanksgiving Day,Fourth Thursday in Nov,11/22/2063,11/22/2063,11,22,2063,5
Christmas Day,Annual,12/25/2063,12/25/2063,12,25,2063,3
New Year's Day,Year Start,1/1/2064,1/1/2064,1,1,2064,3
"Birthday of Martin Luther King, Jr",Third Monday of Jan,1/21/2064,1/21/2064,1,21,2064,2
Washington's Birthday,Third Monday in Feb,2/18/2064,2/18/2064,2,18,2064,2
Memorial Day,Last Monday in May,5/26/2064,5/26/2064,5,26,2064,2
Juneteenth National Independence Day,Annual,6/19/2064,6/19/2064,6,19,2064,5
Independence Day,Annual,7/4/2064,7/4/2064,7,4,2064,6
Labor Day,First Monday in Sept,9/1/2064,9/1/2064,9,1,2064,2
Columbus Day,Second Monday in Oct,10/13/2064,10/13/2064,10,13,2064,2
Veterans Day,Annual,11/11/2064,11/11/2064,11,11,2064,3
Thanksgiving Day,Fourth Thursday in Nov,11/27/2064,11/27/2064,11,27,2064,5
Christmas Day,Annual,12/25/2064,12/25/2064,12,25,2064,5
New Year's Day,Year Start,1/1/2065,1/1/2065,1,1,2065,5
"Birthday of Martin Luther King, Jr",Third Monday of Jan,1/19/2065,1/19/2065,1,19,2065,2
Washington's Birthday,Third Monday in Feb,2/16/2065,2/16/2065,2,16,2065,2
Memorial Day,Last Monday in May,5/25/2065,5/25/2065,5,25,2065,2
Juneteenth National Independence Day,Annual,6/19/2065,6/19/2065,6,19,2065,6
Independence Day,Annual,7/4/2065,7/3/2065,7,4,2065,7
Labor Day,First Monday in Sept,9/7/2065,9/7/2065,9,7,2065,2
Columbus Day,Second Monday in Oct,10/12/2065,10/12/2065,10,12,2065,2
Veterans Day,Annual,11/11/2065,11/11/2065,11,11,2065,4
Thanksgiving Day,Fourth Thursday in Nov,11/26/2065,11/26/2065,11,26,2065,5
Christmas Day,Annual,12/25/2065,12/25/2065,12,25,2065,6
New Year's Day,Year Start,1/1/2066,1/1/2066,1,1,2066,6
"Birthday of Martin Luther King, Jr",Third Monday of Jan,1/18/2066,1/18/2066,1,18,2066,2
Washington's Birthday,Third Monday in Feb,2/15/2066,2/15/2066,2,15,2066,2
Memorial Day,Last Monday in May,5/24/2066,5/24/2066,5,24,2066,2
Juneteenth National Independence Day,Annual,6/19/2066,6/18/2066,6,19,2066,7
Independence Day,Annual,7/4/2066,7/5/2066,7,4,2066,1
Labor Day,First Monday in Sept,9/6/2066,9/6/2066,9,6,2066,2
Columbus Day,Second Monday in Oct,10/11/2066,10/11/2066,10,11,2066,2
Veterans Day,Annual,11/11/2066,11/11/2066,11,11,2066,5
Thanksgiving Day,Fourth Thursday in Nov,11/25/2066,11/25/2066,11,25,2066,5
Christmas Day,Annual,12/25/2066,12/24/2066,12,25,2066,7
New Year's Day,Year Start,1/1/2067,12/31/2066,1,1,2067,7
"Birthday of Martin Luther King, Jr",Third Monday of Jan,1/17/2067,1/17/2067,1,17,2067,2
Washington's Birthday,Third Monday in Feb,2/21/2067,2/21/2067,2,21,2067,2
Memorial Day,Last Monday in May,5/23/2067,5/23/2067,5,23,2067,2
Juneteenth National Independence Day,Annual,6/19/2067,6/20/2067,6,19,2067,1
Independence Day,Annual,7/4/2067,7/4/2067,7,4,2067,2
Labor Day,First Monday in Sept,9/5/2067,9/5/2067,9,5,2067,2
Columbus Day,Second Monday in Oct,10/10/2067,10/10/2067,10,10,2067,2
Veterans Day,Annual,11/11/2067,11/11/2067,11,11,2067,6
Thanksgiving Day,Fourth Thursday in Nov,11/24/2067,11/24/2067,11,24,2067,5
Christmas Day,Annual,12/25/2067,12/26/2067,12,25,2067,1
New Year's Day,Year Start,1/1/2068,1/2/2068,1,1,2068,1
"Birthday of Martin Luther King, Jr",Third Monday of Jan,1/16/2068,1/16/2068,1,16,2068,2
Washington's Birthday,Third Monday in Feb,2/20/2068,2/20/2068,2,20,2068,2
Memorial Day,Last Monday in May,5/28/2068,5/28/2068,5,28,2068,2
Juneteenth National Independence Day,Annual,6/19/2068,6/19/2068,6,19,2068,3
Independence Day,Annual,7/4/2068,7/4/2068,7,4,2068,4
Labor Day,First Monday in Sept,9/3/2068,9/3/2068,9,3,2068,2
Columbus Day,Second Monday in Oct,10/8/2068,10/8/2068,10,8,2068,2
Veterans Day,Annual,11/11/2068,11/12/2068,11,11,2068,1
Thanksgiving Day,Fourth Thursday in Nov,11/22/2068,11/22/2068,11,22,2068,5
Christmas Day,Annual,12/25/2068,12/25/2068,12,25,2068,3
New Year's Day,Year Start,1/1/2069,1/1/2069,1,1,2069,3
"Birthday of Martin Luther King, Jr",Third Monday of Jan,1/21/2069,1/21/2069,1,21,2069,2
Washington's Birthday,Third Monday in Feb,2/18/2069,2/18/2069,2,18,2069,2
Memorial Day,Last Monday in May,5/27/2069,5/27/2069,5,27,2069,2
Juneteenth National Independence Day,Annual,6/19/2069,6/19/2069,6,19,2069,4
Independence Day,Annual,7/4/2069,7/4/2069,7,4,2069,5
Labor Day,First Monday in Sept,9/2/2069,9/2/2069,9,2,2069,2
Columbus Day,Second Monday in Oct,10/14/2069,10/14/2069,10,14,2069,2
Veterans Day,Annual,11/11/2069,11/11/2069,11,11,2069,2
Thanksgiving Day,Fourth Thursday in Nov,11/28/2069,11/28/2069,11,28,2069,5
Christmas Day,Annual,12/25/2069,12/25/2069,12,25,2069,4
New Year's Day,Year Start,1/1/2070,1/1/2070,1,1,2070,4
"Birthday of Martin Luther King, Jr",Third Monday of Jan,1/20/2070,1/20/2070,1,20,2070,2
Washington's Birthday,Third Monday in Feb,2/17/2070,2/17/2070,2,17,2070,2
Memorial Day,Last Monday in May,5/26/2070,5/26/2070,5,26,2070,2
Juneteenth National Independence Day,Annual,6/19/2070,6/19/2070,6,19,2070,5
Independence Day,Annual,7/4/2070,7/4/2070,7,4,2070,6
Labor Day,First Monday in Sept,9/1/2070,9/1/2070,9,1,2070,2
Columbus Day,Second Monday in Oct,10/13/2070,10/13/2070,10,13,2070,2
Veterans Day,Annual,11/11/2070,11/11/2070,11,11,2070,3
Thanksgiving Day,Fourth Thursday in Nov,11/27/2070,11/27/2070,11,27,2070,5
Christmas Day,Annual,12/25/2070,12/25/2070,12,25,2070,5
New Year's Day,Year Start,1/1/2071,1/1/2071,1,1,2071,5
"Birthday of Martin Luther King, Jr",Third Monday of Jan,1/19/2071,1/19/2071,1,19,2071,2
Washington's Birthday,Third Monday in Feb,2/16/2071,2/16/2071,2,16,2071,2
Memorial Day,Last Monday in May,5/25/2071,5/25/2071,5,25,2071,2
Juneteenth National Independence Day,Annual,6/19/2071,6/19/2071,6,19,2071,6
Independence Day,Annual,7/4/2071,7/3/2071,7,4,2071,7
Labor Day,First Monday in Sept,9/7/2071,9/7/2071,9,7,2071,2
Columbus Day,Second Monday in Oct,10/12/2071,10/12/2071,10,12,2071,2
Veterans Day,Annual,11/11/2071,11/11/2071,11,11,2071,4
Thanksgiving Day,Fourth Thursday in Nov,11/26/2071,11/26/2071,11,26,2071,5
Christmas Day,Annual,12/25/2071,12/25/2071,12,25,2071,6
New Year's Day,Year Start,1/1/2072,1/1/2072,1,1,2072,6
"Birthday of Martin Luther King, Jr",Third Monday of Jan,1/18/2072,1/18/2072,1,18,2072,2
Washington's Birthday,Third Monday in Feb,2/15/2072,2/15/2072,2,15,2072,2
Memorial Day,Last Monday in May,5/23/2072,5/23/2072,5,23,2072,2
Juneteenth National Independence Day,Annual,6/19/2072,6/20/2072,6,19,2072,1
Independence Day,Annual,7/4/2072,7/4/2072,7,4,2072,2
Labor Day,First Monday in Sept,9/5/2072,9/5/2072,9,5,2072,2
Columbus Day,Second Monday in Oct,10/10/2072,10/10/2072,10,10,2072,2
Veterans Day,Annual,11/11/2072,11/11/2072,11,11,2072,6
Thanksgiving Day,Fourth Thursday in Nov,11/24/2072,11/24/2072,11,24,2072,5
Christmas Day,Annual,12/25/2072,12/26/2072,12,25,2072,1
New Year's Day,Year Start,1/1/2073,1/2/2073,1,1,2073,1
"Birthday of Martin Luther King, Jr",Third Monday of Jan,1/16/2073,1/16/2073,1,16,2073,2
Washington's Birthday,Third Monday in Feb,2/20/2073,2/20/2073,2,20,2073,2
Memorial Day,Last Monday in May,5/22/2073,5/22/2073,5,22,2073,2
Juneteenth National Independence Day,Annual,6/19/2073,6/19/2073,6,19,2073,2
Independence Day,Annual,7/4/2073,7/4/2073,7,4,2073,3
Labor Day,First Monday in Sept,9/4/2073,9/4/2073,9,4,2073,2
Columbus Day,Second Monday in Oct,10/9/2073,10/9/2073,10,9,2073,2
Veterans Day,Annual,11/11/2073,11/10/2073,11,11,2073,7
Thanksgiving Day,Fourth Thursday in Nov,11/23/2073,11/23/2073,11,23,2073,5
Christmas Day,Annual,12/25/2073,12/25/2073,12,25,2073,2
New Year's Day,Year Start,1/1/2074,1/1/2074,1,1,2074,2
"Birthday of Martin Luther King, Jr",Third Monday of Jan,1/15/2074,1/15/2074,1,15,2074,2
Washington's Birthday,Third Monday in Feb,2/19/2074,2/19/2074,2,19,2074,2
Memorial Day,Last Monday in May,5/28/2074,5/28/2074,5,28,2074,2
Juneteenth National Independence Day,Annual,6/19/2074,6/19/2074,6,19,2074,3
Independence Day,Annual,7/4/2074,7/4/2074,7,4,2074,4
Labor Day,First Monday in Sept,9/3/2074,9/3/2074,9,3,2074,2
Columbus Day,Second Monday in Oct,10/8/2074,10/8/2074,10,8,2074,2
Veterans Day,Annual,11/11/2074,11/12/2074,11,11,2074,1
Thanksgiving Day,Fourth Thursday in Nov,11/22/2074,11/22/2074,11,22,2074,5
Christmas Day,Annual,12/25/2074,12/25/2074,12,25,2074,3
New Year's Day,Year Start,1/1/2075,1/1/2075,1,1,2075,3
"Birthday of Martin Luther King, Jr",Third Monday of Jan,1/21/2075,1/21/2075,1,21,2075,2
Washington's Birthday,Third Monday in Feb,2/18/2075,2/18/2075,2,18,2075,2
Memorial Day,Last Monday in May,5/27/2075,5/27/2075,5,27,2075,2
Juneteenth National Independence Day,Annual,6/19/2075,6/19/2075,6,19,2075,4
Independence Day,Annual,7/4/2075,7/4/2075,7,4,2075,5
Labor Day,First Monday in Sept,9/2/2075,9/2/2075,9,2,2075,2
Columbus Day,Second Monday in Oct,10/14/2075,10/14/2075,10,14,2075,2
Veterans Day,Annual,11/11/2075,11/11/2075,11,11,2075,2
Thanksgiving Day,Fourth Thursday in Nov,11/28/2075,11/28/2075,11,28,2075,5
Christmas Day,Annual,12/25/2075,12/25/2075,12,25,2075,4
New Year's Day,Year Start,1/1/2076,1/1/2076,1,1,2076,4
"Birthday of Martin Luther King, Jr",Third Monday of Jan,1/20/2076,1/20/2076,1,20,2076,2
Washington's Birthday,Third Monday in Feb,2/17/2076,2/17/2076,2,17,2076,2
Memorial Day,Last Monday in May,5/25/2076,5/25/2076,5,25,2076,2
Juneteenth National Independence Day,Annual,6/19/2076,6/19/2076,6,19,2076,6
Independence Day,Annual,7/4/2076,7/3/2076,7,4,2076,7
Labor Day,First Monday in Sept,9/7/2076,9/7/2076,9,7,2076,2
Columbus Day,Second Monday in Oct,10/12/2076,10/12/2076,10,12,2076,2
Veterans Day,Annual,11/11/2076,11/11/2076,11,11,2076,4
Thanksgiving Day,Fourth Thursday in Nov,11/26/2076,11/26/2076,11,26,2076,5
Christmas Day,Annual,12/25/2076,12/25/2076,12,25,2076,6
New Year's Day,Year Start,1/1/2077,1/1/2077,1,1,2077,6
"Birthday of Martin Luther King, Jr",Third Monday of Jan,1/18/2077,1/18/2077,1,18,2077,2
Washington's Birthday,Third Monday in Feb,2/15/2077,2/15/2077,2,15,2077,2
Memorial Day,Last Monday in May,5/24/2077,5/24/2077,5,24,2077,2
Juneteenth National Independence Day,Annual,6/19/2077,6/18/2077,6,19,2077,7
Independence Day,Annual,7/4/2077,7/5/2077,7,4,2077,1
Labor Day,First Monday in Sept,9/6/2077,9/6/2077,9,6,2077,2
Columbus Day,Second Monday in Oct,10/11/2077,10/11/2077,10,11,2077,2
Veterans Day,Annual,11/11/2077,11/11/2077,11,11,2077,5
Thanksgiving Day,Fourth Thursday in Nov,11/25/2077,11/25/2077,11,25,2077,5
Christmas Day,Annual,12/25/2077,12/24/2077,12,25,2077,7
New Year's Day,Year Start,1/1/2078,12/31/2077,1,1,2078,7
"Birthday of Martin Luther King, Jr",Third Monday of Jan,1/17/2078,1/17/2078,1,17,2078,2
Washington's Birthday,Third Monday in Feb,2/21/2078,2/21/2078,2,21,2078,2
Memorial Day,Last Monday in May,5/23/2078,5/23/2078,5,23,2078,2
Juneteenth National Independence Day,Annual,6/19/2078,6/20/2078,6,19,2078,1
Independence Day,Annual,7/4/2078,7/4/2078,7,4,2078,2
Labor Day,First Monday in Sept,9/5/2078,9/5/2078,9,5,2078,2
Columbus Day,Second Monday in Oct,10/10/2078,10/10/2078,10,10,2078,2
Veterans Day,Annual,11/11/2078,11/11/2078,11,11,2078,6
Thanksgiving Day,Fourth Thursday in Nov,11/24/2078,11/24/2078,11,24,2078,5
Christmas Day,Annual,12/25/2078,12/26/2078,12,25,2078,1
New Year's Day,Year Start,1/1/2079,1/2/2079,1,1,2079,1
"Birthday of Martin Luther King, Jr",Third Monday of Jan,1/16/2079,1/16/2079,1,16,2079,2
Washington's Birthday,Third Monday in Feb,2/20/2079,2/20/2079,2,20,2079,2
Memorial Day,Last Monday in May,5/22/2079,5/22/2079,5,22,2079,2
Juneteenth National Independence Day,Annual,6/19/2079,6/19/2079,6,19,2079,2
Independence Day,Annual,7/4/2079,7/4/2079,7,4,2079,3
Labor Day,First Monday in Sept,9/4/2079,9/4/2079,9,4,2079,2
Columbus Day,Second Monday in Oct,10/9/2079,10/9/2079,10,9,2079,2
Veterans Day,Annual,11/11/2079,11/10/2079,11,11,2079,7
Thanksgiving Day,Fourth Thursday in Nov,11/23/2079,11/23/2079,11,23,2079,5
Christmas Day,Annual,12/25/2079,12/25/2079,12,25,2079,2
New Year's Day,Year Start,1/1/2080,1/1/2080,1,1,2080,2
"Birthday of Martin Luther King, Jr",Third Monday of Jan,1/15/2080,1/15/2080,1,15,2080,2
Washington's Birthday,Third Monday in Feb,2/19/2080,2/19/2080,2,19,2080,2
Memorial Day,Last Monday in May,5/27/2080,5/27/2080,5,27,2080,2
Juneteenth National Independence Day,Annual,6/19/2080,6/19/2080,6,19,2080,4
Independence Day,Annual,7/4/2080,7/4/2080,7,4,2080,5
Labor Day,First Monday in Sept,9/2/2080,9/2/2080,9,2,2080,2
Columbus Day,Second Monday in Oct,10/14/2080,10/14/2080,10,14,2080,2
Veterans Day,Annual,11/11/2080,11/11/2080,11,11,2080,2
Thanksgiving Day,Fourth Thursday in Nov,11/28/2080,11/28/2080,11,28,2080,5
Christmas Day,Annual,12/25/2080,12/25/2080,12,25,2080,4
New Year's Day,Year Start,1/1/2081,1/1/2081,1,1,2081,4
"Birthday of Martin Luther King, Jr",Third Monday of Jan,1/20/2081,1/20/2081,1,20,2081,2
Washington's Birthday,Third Monday in Feb,2/17/2081,2/17/2081,2,17,2081,2
Memorial Day,Last Monday in May,5/26/2081,5/26/2081,5,26,2081,2
Juneteenth National Independence Day,Annual,6/19/2081,6/19/2081,6,19,2081,5
Independence Day,Annual,7/4/2081,7/4/2081,7,4,2081,6
Labor Day,First Monday in Sept,9/1/2081,9/1/2081,9,1,2081,2
Columbus Day,Second Monday in Oct,10/13/2081,10/13/2081,10,13,2081,2
Veterans Day,Annual,11/11/2081,11/11/2081,11,11,2081,3
Thanksgiving Day,Fourth Thursday in Nov,11/27/2081,11/27/2081,11,27,2081,5
Christmas Day,Annual,12/25/2081,12/25/2081,12,25,2081,5
New Year's Day,Year Start,1/1/2082,1/1/2082,1,1,2082,5
"Birthday of Martin Luther King, Jr",Third Monday of Jan,1/19/2082,1/19/2082,1,19,2082,2
Washington's Birthday,Third Monday in Feb,2/16/2082,2/16/2082,2,16,2082,2
Memorial Day,Last Monday in May,5/25/2082,5/25/2082,5,25,2082,2
Juneteenth National Independence Day,Annual,6/19/2082,6/19/2082,6,19,2082,6
Independence Day,Annual,7/4/2082,7/3/2082,7,4,2082,7
Labor Day,First Monday in Sept,9/7/2082,9/7/2082,9,7,2082,2
Columbus Day,Second Monday in Oct,10/12/2082,10/12/2082,10,12,2082,2
Veterans Day,Annual,11/11/2082,11/11/2082,11,11,2082,4
Thanksgiving Day,Fourth Thursday in Nov,11/26/2082,11/26/2082,11,26,2082,5
Christmas Day,Annual,12/25/2082,12/25/2082,12,25,2082,6
New Year's Day,Year Start,1/1/2083,1/1/2083,1,1,2083,6
"Birthday of Martin Luther King, Jr",Third Monday of Jan,1/18/2083,1/18/2083,1,18,2083,2
Washington's Birthday,Third Monday in Feb,2/15/2083,2/15/2083,2,15,2083,2
Memorial Day,Last Monday in May,5/24/2083,5/24/2083,5,24,2083,2
Juneteenth National Independence Day,Annual,6/19/2083,6/18/2083,6,19,2083,7
Independence Day,Annual,7/4/2083,7/5/2083,7,4,2083,1
Labor Day,First Monday in Sept,9/6/2083,9/6/2083,9,6,2083,2
Columbus Day,Second Monday in Oct,10/11/2083,10/11/2083,10,11,2083,2
Veterans Day,Annual,11/11/2083,11/11/2083,11,11,2083,5
Thanksgiving Day,Fourth Thursday in Nov,11/25/2083,11/25/2083,11,25,2083,5
Christmas Day,Annual,12/25/2083,12/24/2083,12,25,2083,7
New Year's Day,Year Start,1/1/2084,12/31/2083,1,1,2084,7
"Birthday of Martin Luther King, Jr",Third Monday of Jan,1/17/2084,1/17/2084,1,17,2084,2
Washington's Birthday,Third Monday in Feb,2/21/2084,2/21/2084,2,21,2084,2
Memorial Day,Last Monday in May,5/22/2084,5/22/2084,5,22,2084,2
Juneteenth National Independence Day,Annual,6/19/2084,6/19/2084,6,19,2084,2
Independence Day,Annual,7/4/2084,7/4/2084,7,4,2084,3
Labor Day,First Monday in Sept,9/4/2084,9/4/2084,9,4,2084,2
Columbus Day,Second Monday in Oct,10/9/2084,10/9/2084,10,9,2084,2
Veterans Day,Annual,11/11/2084,11/10/2084,11,11,2084,7
Thanksgiving Day,Fourth Thursday in Nov,11/23/2084,11/23/2084,11,23,2084,5
Christmas Day,Annual,12/25/2084,12/25/2084,12,25,2084,2
New Year's Day,Year Start,1/1/2085,1/1/2085,1,1,2085,2
"Birthday of Martin Luther King, Jr",Third Monday of Jan,1/15/2085,1/15/2085,1,15,2085,2
Washington's Birthday,Third Monday in Feb,2/19/2085,2/19/2085,2,19,2085,2
Memorial Day,Last Monday in May,5/28/2085,5/28/2085,5,28,2085,2
Juneteenth National Independence Day,Annual,6/19/2085,6/19/2085,6,19,2085,3
Independence Day,Annual,7/4/2085,7/4/2085,7,4,2085,4
Labor Day,First Monday in Sept,9/3/2085,9/3/2085,9,3,2085,2
Columbus Day,Second Monday in Oct,10/8/2085,10/8/2085,10,8,2085,2
Veterans Day,Annual,11/11/2085,11/12/2085,11,11,2085,1
Thanksgiving Day,Fourth Thursday in Nov,11/22/2085,11/22/2085,11,22,2085,5
Christmas Day,Annual,12/25/2085,12/25/2085,12,25,2085,3
New Year's Day,Year Start,1/1/2086,1/1/2086,1,1,2086,3
"Birthday of Martin Luther King, Jr",Third Monday of Jan,1/21/2086,1/21/2086,1,21,2086,2
Washington's Birthday,Third Monday in Feb,2/18/2086,2/18/2086,2,18,2086,2
Memorial Day,Last Monday in May,5/27/2086,5/27/2086,5,27,2086,2
Juneteenth National Independence Day,Annual,6/19/2086,6/19/2086,6,19,2086,4
Independence Day,Annual,7/4/2086,7/4/2086,7,4,2086,5
Labor Day,First Monday in Sept,9/2/2086,9/2/2086,9,2,2086,2
Columbus Day,Second Monday in Oct,10/14/2086,10/14/2086,10,14,2086,2
Veterans Day,Annual,11/11/2086,11/11/2086,11,11,2086,2
Thanksgiving Day,Fourth Thursday in Nov,11/28/2086,11/28/2086,11,28,2086,5
Christmas Day,Annual,12/25/2086,12/25/2086,12,25,2086,4
New Year's Day,Year Start,1/1/2087,1/1/2087,1,1,2087,4
"Birthday of Martin Luther King, Jr",Third Monday of Jan,1/20/2087,1/20/2087,1,20,2087,2
Washington's Birthday,Third Monday in Feb,2/17/2087,2/17/2087,2,17,2087,2
Memorial Day,Last Monday in May,5/26/2087,5/26/2087,5,26,2087,2
Juneteenth National Independence Day,Annual,6/19/2087,6/19/2087,6,19,2087,5
Independence Day,Annual,7/4/2087,7/4/2087,7,4,2087,6
Labor Day,First Monday in Sept,9/1/2087,9/1/2087,9,1,2087,2
Columbus Day,Second Monday in Oct,10/13/2087,10/13/2087,10,13,2087,2
Veterans Day,Annual,11/11/2087,11/11/2087,11,11,2087,3
Thanksgiving Day,Fourth Thursday in Nov,11/27/2087,11/27/2087,11,27,2087,5
Christmas Day,Annual,12/25/2087,12/25/2087,12,25,2087,5
New Year's Day,Year Start,1/1/2088,1/1/2088,1,1,2088,5
"Birthday of Martin Luther King, Jr",Third Monday of Jan,1/19/2088,1/19/2088,1,19,2088,2
Washington's Birthday,Third Monday in Feb,2/16/2088,2/16/2088,2,16,2088,2
Memorial Day,Last Monday in May,5/24/2088,5/24/2088,5,24,2088,2
Juneteenth National Independence Day,Annual,6/19/2088,6/18/2088,6,19,2088,7
Independence Day,Annual,7/4/2088,7/5/2088,7,4,2088,1
Labor Day,First Monday in Sept,9/6/2088,9/6/2088,9,6,2088,2
Columbus Day,Second Monday in Oct,10/11/2088,10/11/2088,10,11,2088,2
Veterans Day,Annual,11/11/2088,11/11/2088,11,11,2088,5
Thanksgiving Day,Fourth Thursday in Nov,11/25/2088,11/25/2088,11,25,2088,5
Christmas Day,Annual,12/25/2088,12/24/2088,12,25,2088,7
New Year's Day,Year Start,1/1/2089,12/31/2088,1,1,2089,7
"Birthday of Martin Luther King, Jr",Third Monday of Jan,1/17/2089,1/17/2089,1,17,2089,2
Washington's Birthday,Third Monday in Feb,2/21/2089,2/21/2089,2,21,2089,2
Memorial Day,Last Monday in May,5/23/2089,5/23/2089,5,23,2089,2
Juneteenth National Independence Day,Annual,6/19/2089,6/20/2089,6,19,2089,1
Independence Day,Annual,7/4/2089,7/4/2089,7,4,2089,2
Labor Day,First Monday in Sept,9/5/2089,9/5/2089,9,5,2089,2
Columbus Day,Second Monday in Oct,10/10/2089,10/10/2089,10,10,2089,2
Veterans Day,Annual,11/11/2089,11/11/2089,11,11,2089,6
Thanksgiving Day,Fourth Thursday in Nov,11/24/2089,11/24/2089,11,24,2089,5
Christmas Day,Annual,12/25/2089,12/26/2089,12,25,2089,1
New Year's Day,Year Start,1/1/2090,1/2/2090,1,1,2090,1
"Birthday of Martin Luther King, Jr",Third Monday of Jan,1/16/2090,1/16/2090,1,16,2090,2
Washington's Birthday,Third Monday in Feb,2/20/2090,2/20/2090,2,20,2090,2
Memorial Day,Last Monday in May,5/22/2090,5/22/2090,5,22,2090,2
Juneteenth National Independence Day,Annual,6/19/2090,6/19/2090,6,19,2090,2
Independence Day,Annual,7/4/2090,7/4/2090,7,4,2090,3
Labor Day,First Monday in Sept,9/4/2090,9/4/2090,9,4,2090,2
Columbus Day,Second Monday in Oct,10/9/2090,10/9/2090,10,9,2090,2
Veterans Day,Annual,11/11/2090,11/10/2090,11,11,2090,7
Thanksgiving Day,Fourth Thursday in Nov,11/23/2090,11/23/2090,11,23,2090,5
Christmas Day,Annual,12/25/2090,12/25/2090,12,25,2090,2
New Year's Day,Year Start,1/1/2091,1/1/2091,1,1,2091,2
"Birthday of Martin Luther King, Jr",Third Monday of Jan,1/15/2091,1/15/2091,1,15,2091,2
Washington's Birthday,Third Monday in Feb,2/19/2091,2/19/2091,2,19,2091,2
Memorial Day,Last Monday in May,5/28/2091,5/28/2091,5,28,2091,2
Juneteenth National Independence Day,Annual,6/19/2091,6/19/2091,6,19,2091,3
Independence Day,Annual,7/4/2091,7/4/2091,7,4,2091,4
Labor Day,First Monday in Sept,9/3/2091,9/3/2091,9,3,2091,2
Columbus Day,Second Monday in Oct,10/8/2091,10/8/2091,10,8,2091,2
Veterans Day,Annual,11/11/2091,11/12/2091,11,11,2091,1
Thanksgiving Day,Fourth Thursday in Nov,11/22/2091,11/22/2091,11,22,2091,5
Christmas Day,Annual,12/25/2091,12/25/2091,12,25,2091,3
New Year's Day,Year Start,1/1/2092,1/1/2092,1,1,2092,3
"Birthday of Martin Luther King, Jr",Third Monday of Jan,1/21/2092,1/21/2092,1,21,2092,2
Washington's Birthday,Third Monday in Feb,2/18/2092,2/18/2092,2,18,2092,2
Memorial Day,Last Monday in May,5/26/2092,5/26/2092,5,26,2092,2
Juneteenth National Independence Day,Annual,6/19/2092,6/19/2092,6,19,2092,5
Independence Day,Annual,7/4/2092,7/4/2092,7,4,2092,6
Labor Day,First Monday in Sept,9/1/2092,9/1/2092,9,1,2092,2
Columbus Day,Second Monday in Oct,10/13/2092,10/13/2092,10,13,2092,2
Veterans Day,Annual,11/11/2092,11/11/2092,11,11,2092,3
Thanksgiving Day,Fourth Thursday in Nov,11/27/2092,11/27/2092,11,27,2092,5
Christmas Day,Annual,12/25/2092,12/25/2092,12,25,2092,5
New Year's Day,Year Start,1/1/2093,1/1/2093,1,1,2093,5
"Birthday of Martin Luther King, Jr",Third Monday of Jan,1/19/2093,1/19/2093,1,19,2093,2
Washington's Birthday,Third Monday in Feb,2/16/2093,2/16/2093,2,16,2093,2
Memorial Day,Last Monday in May,5/25/2093,5/25/2093,5,25,2093,2
Juneteenth National Independence Day,Annual,6/19/2093,6/19/2093,6,19,2093,6
Independence Day,Annual,7/4/2093,7/3/2093,7,4,2093,7
Labor Day,First Monday in Sept,9/7/2093,9/7/2093,9,7,2093,2
Columbus Day,Second Monday in Oct,10/12/2093,10/12/2093,10,12,2093,2
Veterans Day,Annual,11/11/2093,11/11/2093,11,11,2093,4
Thanksgiving Day,Fourth Thursday in Nov,11/26/2093,11/26/2093,11,26,2093,5
Christmas Day,Annual,12/25/2093,12/25/2093,12,25,2093,6
New Year's Day,Year Start,1/1/2094,1/1/2094,1,1,2094,6
"Birthday of Martin Luther King, Jr",Third Monday of Jan,1/18/2094,1/18/2094,1,18,2094,2
Washington's Birthday,Third Monday in Feb,2/15/2094,2/15/2094,2,15,2094,2
Memorial Day,Last Monday in May,5/24/2094,5/24/2094,5,24,2094,2
Juneteenth National Independence Day,Annual,6/19/2094,6/18/2094,6,19,2094,7
Independence Day,Annual,7/4/2094,7/5/2094,7,4,2094,1
Labor Day,First Monday in Sept,9/6/2094,9/6/2094,9,6,2094,2
Columbus Day,Second Monday in Oct,10/11/2094,10/11/2094,10,11,2094,2
Veterans Day,Annual,11/11/2094,11/11/2094,11,11,2094,5
Thanksgiving Day,Fourth Thursday in Nov,11/25/2094,11/25/2094,11,25,2094,5
Christmas Day,Annual,12/25/2094,12/24/2094,12,25,2094,7
New Year's Day,Year Start,1/1/2095,12/31/2094,1,1,2095,7
"Birthday of Martin Luther King, Jr",Third Monday of Jan,1/17/2095,1/17/2095,1,17,2095,2
Washington's Birthday,Third Monday in Feb,2/21/2095,2/21/2095,2,21,2095,2
Memorial Day,Last Monday in May,5/23/2095,5/23/2095,5,23,2095,2
Juneteenth National Independence Day,Annual,6/19/2095,6/20/2095,6,19,2095,1
Independence Day,Annual,7/4/2095,7/4/2095,7,4,2095,2
Labor Day,First Monday in Sept,9/5/2095,9/5/2095,9,5,2095,2
Columbus Day,Second Monday in Oct,10/10/2095,10/10/2095,10,10,2095,2
Veterans Day,Annual,11/11/2095,11/11/2095,11,11,2095,6
Thanksgiving Day,Fourth Thursday in Nov,11/24/2095,11/24/2095,11,24,2095,5
Christmas Day,Annual,12/25/2095,12/26/2095,12,25,2095,1
New Year's Day,Year Start,1/1/2096,1/2/2096,1,1,2096,1
"Birthday of Martin Luther King, Jr",Third Monday of Jan,1/16/2096,1/16/2096,1,16,2096,2
Washington's Birthday,Third Monday in Feb,2/20/2096,2/20/2096,2,20,2096,2
Memorial Day,Last Monday in May,5/28/2096,5/28/2096,5,28,2096,2
Juneteenth National Independence Day,Annual,6/19/2096,6/19/2096,6,19,2096,3
Independence Day,Annual,7/4/2096,7/4/2096,7,4,2096,4
Labor Day,First Monday in Sept,9/3/2096,9/3/2096,9,3,2096,2
Columbus Day,Second Monday in Oct,10/8/2096,10/8/2096,10,8,2096,2
Veterans Day,Annual,11/11/2096,11/12/2096,11,11,2096,1
Thanksgiving Day,Fourth Thursday in Nov,11/22/2096,11/22/2096,11,22,2096,5
Christmas Day,Annual,12/25/2096,12/25/2096,12,25,2096,3
New Year's Day,Year Start,1/1/2097,1/1/2097,1,1,2097,3
"Birthday of Martin Luther King, Jr",Third Monday of Jan,1/21/2097,1/21/2097,1,21,2097,2
Washington's Birthday,Third Monday in Feb,2/18/2097,2/18/2097,2,18,2097,2
Memorial Day,Last Monday in May,5/27/2097,5/27/2097,5,27,2097,2
Juneteenth National Independence Day,Annual,6/19/2097,6/19/2097,6,19,2097,4
Independence Day,Annual,7/4/2097,7/4/2097,7,4,2097,5
Labor Day,First Monday in Sept,9/2/2097,9/2/2097,9,2,2097,2
Columbus Day,Second Monday in Oct,10/14/2097,10/14/2097,10,14,2097,2
Veterans Day,Annual,11/11/2097,11/11/2097,11,11,2097,2
Thanksgiving Day,Fourth Thursday in Nov,11/28/2097,11/28/2097,11,28,2097,5
Christmas Day,Annual,12/25/2097,12/25/2097,12,25,2097,4
New Year's Day,Year Start,1/1/2098,1/1/2098,1,1,2098,4
"Birthday of Martin Luther King, Jr",Third Monday of Jan,1/20/2098,1/20/2098,1,20,2098,2
Washington's Birthday,Third Monday in Feb,2/17/2098,2/17/2098,2,17,2098,2
Memorial Day,Last Monday in May,5/26/2098,5/26/2098,5,26,2098,2
Juneteenth National Independence Day,Annual,6/19/2098,6/19/2098,6,19,2098,5
Independence Day,Annual,7/4/2098,7/4/2098,7,4,2098,6
Labor Day,First Monday in Sept,9/1/2098,9/1/2098,9,1,2098,2
Columbus Day,Second Monday in Oct,10/13/2098,10/13/2098,10,13,2098,2
Veterans Day,Annual,11/11/2098,11/11/2098,11,11,2098,3
Thanksgiving Day,Fourth Thursday in Nov,11/27/2098,11/27/2098,11,27,2098,5
Christmas Day,Annual,12/25/2098,12/25/2098,12,25,2098,5
New Year's Day,Year Start,1/1/2099,1/1/2099,1,1,2099,5
"Birthday of Martin Luther King, Jr",Third Monday of Jan,1/19/2099,1/19/2099,1,19,2099,2
Washington's Birthday,Third Monday in Feb,2/16/2099,2/16/2099,2,16,2099,2
Memorial Day,Last Monday in May,5/25/2099,5/25/2099,5,25,2099,2
Juneteenth National Independence Day,Annual,6/19/2099,6/19/2099,6,19,2099,6
Independence Day,Annual,7/4/2099,7/3/2099,7,4,2099,7
Labor Day,First Monday in Sept,9/7/2099,9/7/2099,9,7,2099,2
Columbus Day,Second Monday in Oct,10/12/2099,10/12/2099,10,12,2099,2
Veterans Day,Annual,11/11/2099,11/11/2099,11,11,2099,4
Thanksgiving Day,Fourth Thursday in Nov,11/26/2099,11/26/2099,11,26,2099,5
Christmas Day,Annual,12/25/2099,12/25/2099,12,25,2099,6
New Year's Day,Year Start,1/1/2100,1/1/2100,1,1,2100,6
"Birthday of Martin Luther King, Jr",Third Monday of Jan,1/18/2100,1/18/2100,1,18,2100,2
Washington's Birthday,Third Monday in Feb,2/15/2100,2/15/2100,2,15,2100,2
Memorial Day,Last Monday in May,5/24/2100,5/24/2100,5,24,2100,2
Juneteenth National Independence Day,Annual,6/19/2100,6/18/2100,6,19,2100,7
Independence Day,Annual,7/4/2100,7/5/2100,7,4,2100,1
Labor Day,First Monday in Sept,9/6/2100,9/6/2100,9,6,2100,2
Columbus Day,Second Monday in Oct,10/11/2100,10/11/2100,10,11,2100,2
Veterans Day,Annual,11/11/2100,11/11/2100,11,11,2100,5
Thanksgiving Day,Fourth Thursday in Nov,11/25/2100,11/25/2100,11,25,2100,5
Christmas Day,Annual,12/25/2100,12/24/2100,12,25,2100,7
,,,,,,,
,,,,,,,
,,,,,,,
,,,,,,,
,,,,,,,
,,,,,,,
,,,,,,,
,,,,,,,
,,,,,,,
,,,,,,,
,,,,,,,
,,,,,,,
,,,,,,,
,,,,,,,
,,,,,,,
